OTU_ID,Bal1,Bal5,Bal6,Bal8,CC10,CC7,CC8,Can2,DY1,Bal2,Bal3,Bal4,Bal7,CC2,DY3,Bal11,Bal9,CC1,Can1,DP2,DP3,DP4,DP6,DP7,DY2,DY5,DY4,CC3,CC9,DY6,Bal10,DP5,CC11,CC4,DP1,DY7,Can5,Can6,Can3,Can4
de2420e8c78f6f5bf30665f9f47e6416c6d7bce9,324926,46821,77008,2141,166879,3093,75058,0,5913,0,0,0,0,0,0,0,0,0,0,0,0,0,0,0,0,0,0,0,0,0,0,0,0,0,0,0,0,0,0,0
ea6e104ce2ab3a3b3a1b77da9ec8a05b839b4dd2,0,0,0,112144,0,164063,0,0,0,116268,52560,0,32759,167152,23861,0,0,0,0,0,0,0,0,0,0,0,0,0,0,0,0,0,0,0,0,0,0,0,0,0
0f8193ee9ea03dcf1edd1886989c334f8f9799d2,0,0,0,34941,0,0,0,0,0,34430,121728,890,0,4847,5593,171857,0,89698,32885,0,657,0,27667,1161,69506,0,0,0,0,0,0,0,0,0,0,0,0,0,0,0
328dbc9b565a8a6bbe004b4f459b76cb91f7bdf2,0,0,0,0,0,0,0,0,0,0,0,0,275169,0,0,0,0,0,0,0,0,0,64593,0,0,10304,20970,0,0,0,0,0,0,0,0,0,0,0,0,0
f0d548bc838e8b4680497b0971b74ff2ea863b12,0,0,0,0,0,0,0,0,0,0,0,0,0,19760,0,0,0,0,0,0,0,0,0,0,0,0,0,154549,0,0,0,0,0,0,0,0,0,0,0,0
d19ad10d0496841fe1c5fed0222c6bd3f11459e3,0,0,0,0,0,0,0,0,0,0,0,0,0,0,0,0,0,0,0,0,0,0,0,125777,0,0,0,0,38495,0,0,0,0,0,0,0,0,0,0,0
f65823b241ba12644ed9911b01673c8b9121e9f1,0,0,0,0,0,0,0,0,0,0,0,0,0,0,0,0,0,0,0,238,17153,83276,56245,0,0,0,0,0,0,0,0,0,0,0,0,0,0,0,0,0
4ae9f19330576f0406379a9a91416e267c25cdbf,0,0,0,0,0,0,0,0,0,0,0,0,0,0,0,0,0,0,0,0,0,0,0,0,0,98619,2634,0,0,32160,0,0,0,0,0,0,0,0,0,0
12f9f95f0507ce2db73a43eb5f8b280fc6e98a3c,0,0,0,0,0,0,0,0,0,0,0,0,0,0,0,0,0,0,0,0,0,0,0,0,0,29231,7114,0,0,91452,0,0,0,0,0,0,0,0,0,0
8437968b29f33c325602416a7eb94bdee58f9e98,0,0,116098,0,0,0,0,0,0,0,0,0,0,0,0,0,0,0,0,0,0,0,0,0,0,0,0,0,0,0,0,0,0,0,0,0,0,0,0,0
eaa8b0ef9b78256951efe85b2c687840d84d893b,0,0,0,0,0,0,0,0,0,0,0,0,0,0,0,0,0,0,0,0,0,0,0,0,0,0,0,0,0,0,115741,0,0,0,0,0,0,0,0,0
2beaf73b4f399a4fa434b9c83f2d55f638986b20,0,0,0,0,0,0,0,39015,0,0,0,0,0,0,0,0,24547,15386,0,293,0,14284,0,11583,0,0,0,0,0,0,0,230,0,0,0,0,0,0,0,0
9bf3eef814c46191b0727b0ea66401ec956b5cd8,0,0,0,0,0,0,0,0,0,0,0,0,0,0,0,0,0,0,0,0,0,12206,0,89971,0,0,0,0,0,0,0,0,0,0,0,0,0,0,0,0
10c6ee0ab382cdfc2b47600c704a0599f1920784,12297,1024,7579,161,1103,11126,8247,0,1036,216,771,5211,269,715,0,657,870,0,0,0,130,588,0,0,170,0,241,3321,33459,435,2020,0,256,408,0,304,0,0,0,0
36e4d25f816c74e1b643520746151e678f9eb383,0,2541,2165,0,0,0,126,0,0,0,354,577,0,0,0,134,517,0,0,0,0,0,0,0,0,0,446,0,0,1010,180,0,0,0,0,82022,0,0,0,0
039dca03dca2b56b8640449d24d44550074898ee,0,0,0,0,0,0,0,0,0,0,0,0,0,0,0,0,0,0,0,0,0,0,0,0,0,0,145,0,0,0,0,0,0,84684,0,0,0,0,0,0
bb25016a2c8f360a00a7ffe03a279a3b1b654cb5,0,115,0,0,0,0,0,0,0,0,130,0,0,0,0,189,0,0,0,0,0,0,0,0,0,0,109,0,0,199,0,0,0,0,0,82345,0,0,0,0
f8c6acc920c8e02564b55df32f63dcbdac70fd35,0,0,0,0,0,0,0,0,0,0,0,0,0,0,0,0,0,0,0,0,0,0,0,0,0,0,0,0,0,0,0,0,0,0,0,0,83196,0,0,0
85415fa174afc78e36fef6290c53503a6a3051b2,0,0,0,0,0,0,0,0,0,0,0,0,0,0,0,0,0,0,0,0,0,0,0,0,0,0,0,0,0,0,75510,0,0,0,0,0,0,0,0,0
63d3e217d7836cc4991b90508f2721aee0b5c03e,0,282,11248,453,207,0,0,361,7398,633,915,4194,1552,0,106,0,37109,0,0,758,0,134,0,0,355,0,170,816,0,0,4581,0,0,0,2188,0,109,222,0,0
e44e7d945392a45aa8b6c176af6365bb26408e64,0,0,0,0,0,613,0,0,0,0,0,0,0,0,0,0,0,0,0,0,0,0,0,0,0,0,0,0,0,0,0,0,68729,0,0,0,0,0,0,0
1b089f4f419b450023c3878e153e7de1a9b8c934,0,0,1193,0,0,0,0,0,0,0,0,66971,0,0,0,0,0,0,0,0,0,0,0,0,0,0,0,0,0,0,0,0,0,0,0,0,0,0,0,0
107568d250340d5e452c9fa7ab825f1baff8d991,0,0,0,0,0,0,0,0,0,0,0,0,0,0,0,0,0,0,0,0,0,5961,62118,0,0,0,0,0,0,0,0,0,0,0,0,0,0,0,0,0
2c471988689c95f076b5487d3cc5a86907764bba,0,566,6329,1021,0,0,859,0,0,10502,3232,770,0,0,0,0,273,0,0,0,0,0,0,154,0,0,0,0,287,0,32421,0,0,0,0,0,0,0,0,0
326ba8ab67ee44cc8ff9befcff2c8ac9b6e431e5,0,0,0,0,0,0,0,0,56320,0,0,0,0,0,0,0,0,0,0,0,0,0,0,0,144,0,0,0,0,0,0,0,0,0,0,0,0,0,0,0
c78c3c2cd478f416f7ccaa96fdfa1fac5d59a54d,0,0,0,0,0,0,0,0,0,0,0,54405,0,0,0,0,0,0,0,0,0,0,0,0,0,0,0,0,0,0,0,0,0,0,0,0,0,0,0,0
585d263c906f6f48c0e2d6d4f0a6596d0e280176,0,0,0,0,0,0,0,0,572,0,0,0,0,0,0,0,0,0,0,0,0,53232,0,0,0,0,99,0,0,110,0,0,0,0,0,0,0,0,0,0
e720af6cb46b52d5ff96866443f2440e1816960a,0,0,0,0,0,0,0,0,0,0,0,0,0,0,0,0,0,0,0,8550,15395,0,0,0,0,0,0,0,0,0,0,29023,0,0,0,0,0,0,0,0
0abeb0622c9f06193299e0c41e2177803c70e6a5,0,0,0,0,0,0,0,280,0,0,2047,0,0,0,0,0,0,0,0,1001,7129,725,1450,309,0,0,0,0,0,0,0,28256,0,0,0,0,183,10961,388,0
3c34c2ba24dee0a357597aeedd6ff7bef48c6847,0,0,0,0,0,0,0,0,0,0,0,0,0,0,0,0,0,0,4143,0,0,0,0,0,0,0,0,0,0,0,0,0,0,0,0,0,0,0,48366,0
e222e8e8675b3df89ae8642300a4552053200c62,0,0,0,0,0,0,0,0,0,0,0,0,0,0,0,0,0,0,0,0,0,0,0,0,0,0,0,0,0,0,0,0,0,0,0,0,7003,0,44994,208
e2e0473c2b318e73339fb75effceb5ea0e320e54,0,0,0,0,0,0,0,0,0,0,0,0,0,0,0,0,0,0,0,0,0,0,0,0,0,0,0,0,0,0,0,0,0,0,0,0,47957,0,99,0
51bbbff2020dd95b675b96b29281f5e71ed3b62b,0,0,0,0,0,0,47782,0,0,0,0,0,0,0,0,0,0,0,0,0,0,0,0,0,0,0,0,0,0,0,0,0,0,0,0,0,0,0,0,0
aedeccb9b23286de14d729590a09e7d318519a64,0,0,0,0,0,0,0,0,0,0,0,0,0,0,0,0,0,0,0,0,0,0,0,0,0,0,0,0,0,0,0,0,47131,0,0,0,0,0,0,0
17b02baf4a11dd2dddf91e7801a2270f02fb6c5c,0,0,0,0,0,0,0,0,0,0,0,0,0,0,0,0,0,0,0,0,51,0,0,0,0,0,0,0,608,0,0,0,0,0,0,0,32021,14000,0,0
9d332cb344fcb6fac2dd3188f380d371f0b19ee9,0,0,0,0,0,0,0,0,0,0,0,0,0,0,0,0,0,0,0,0,0,0,0,0,0,0,0,46637,0,0,0,0,0,0,0,0,0,0,0,0
f77e63572532fa596e83efd90cee9b9c1d4912ca,0,0,0,10099,0,0,0,0,0,0,0,0,0,0,0,0,0,0,0,0,0,0,0,0,0,0,33647,0,0,2554,0,0,0,0,0,91,0,0,0,0
1e3216570f7308ec621cecd19a7c63e7bcbd6564,0,0,0,0,0,0,0,0,0,46192,0,0,0,0,0,0,0,0,0,0,0,0,0,0,0,0,0,0,0,0,0,0,0,0,0,0,0,0,0,0
7fac048c0775e1afab70ae254206608d4ef760f9,0,0,0,0,0,0,0,0,0,0,0,0,0,0,0,0,0,0,0,0,0,0,0,0,0,0,46033,0,0,0,0,0,0,0,0,0,0,0,0,0
609d645edba1eed96a729b3e966f70c20d5b2f19,0,0,0,0,0,0,0,0,0,0,0,0,0,0,0,0,0,44218,0,0,0,0,0,0,0,0,0,0,0,0,0,0,0,0,0,0,0,0,0,0
0cd8deaa44334d7ff3c1fe0bb092e8a136c02148,0,0,0,0,0,0,0,16759,459,0,1059,0,5346,0,0,0,0,0,336,489,2246,0,116,1345,8175,0,1322,0,0,0,0,2783,0,984,0,0,2418,0,0,0
dfb0b746f211f5b82af06d53925cc63259180eba,0,0,0,0,0,0,0,4647,0,1181,2358,0,0,0,0,0,0,0,353,68,0,144,0,0,0,34169,373,0,0,0,0,0,0,0,0,0,0,0,0,0
4438b9df922a57b164e8c5e04d1024704f1de8e3,817,2803,1559,520,2294,907,985,1417,2029,1691,7186,1929,185,7310,157,742,511,0,306,0,250,1065,0,0,979,241,1485,285,343,1045,531,270,293,334,119,476,115,582,437,108
b43fb6d645e3b0396242f88d622e4b7b43c464dd,0,0,0,0,0,0,0,0,0,0,0,40003,0,0,0,0,0,0,0,0,0,0,0,0,0,0,0,0,0,0,0,0,0,1222,0,0,0,0,0,0
2a4528f09328391c3cc3ed16743ee531d7abf52b,0,0,0,0,0,0,0,0,0,0,0,0,0,0,0,0,0,0,0,0,0,0,0,0,0,0,0,1058,0,0,0,0,0,39545,0,0,0,0,0,0
477d9b4df8658eaa80057a2850651b08a0d09a49,0,0,0,817,0,0,0,0,1572,0,0,0,0,563,0,0,3120,32484,0,0,0,0,0,0,131,417,0,0,0,847,0,0,0,0,0,0,0,0,0,0
4f78c2818258106555f3571f94544b0583bcbce2,801,299,0,177,0,597,0,176,92,0,1002,0,0,0,0,496,3000,0,163,0,0,28179,0,0,0,0,2018,0,0,625,0,0,192,0,0,0,0,122,119,300
3d57d022cd5f69dae96ff6a918c59f8dc156173a,0,0,0,0,0,0,0,0,0,0,0,0,0,0,0,0,0,0,0,0,0,0,0,0,0,0,0,0,0,0,0,0,0,0,37761,0,0,0,0,0
d148609813828fa5d855106e6b355a33080886e3,0,0,0,0,0,0,0,0,0,0,0,0,0,0,31771,0,0,0,0,5646,142,0,0,0,80,0,0,0,0,0,0,0,0,0,0,0,0,0,0,0
d86f5006d790056b70dd0c3fac43938d76b88a9c,36904,0,0,0,0,0,0,0,0,0,0,0,0,0,0,0,0,0,0,0,0,0,0,0,0,0,0,0,0,0,0,0,0,0,0,0,0,0,0,0
2d1583b4bb343f61b6a22f047368c733909754c7,0,0,0,0,0,0,0,0,36835,0,0,0,0,0,0,0,0,0,0,0,0,0,0,0,0,0,0,0,0,0,0,0,0,0,0,0,0,0,0,0
578fa4be6c074829a017d3950bcb917ec0887e49,0,0,0,0,0,0,0,0,0,0,0,0,0,0,0,0,0,0,0,0,0,0,0,0,0,0,0,0,0,0,0,0,0,0,35062,0,0,0,0,0
cace8345552b65886bbd73d60cd6bca691308ddc,0,0,0,0,0,0,0,0,0,0,0,0,0,0,0,0,0,0,0,33982,0,0,0,0,0,0,352,0,0,0,0,0,0,0,0,0,0,0,0,0
4d9c01f7467a9cb2594c8d44e1ffc0ecf5db3c24,727,469,1249,3302,602,5732,1499,219,851,585,315,170,231,0,0,1208,4247,0,125,0,0,0,0,0,403,591,4337,0,714,1337,348,0,2725,0,0,0,325,359,0,0
5876b9216c48f71196b25d4d73cffae223bffd53,0,0,0,0,0,0,0,624,0,0,0,0,0,0,0,0,0,0,87,11692,0,165,0,0,0,0,0,0,0,0,0,0,0,0,263,0,19650,84,192,72
25ab63d1e0309e820735a1f22e869fe51fd711f0,0,0,0,0,0,0,0,0,0,0,0,0,0,0,0,0,0,0,0,0,0,0,0,0,0,0,0,0,0,0,0,0,0,0,30091,0,0,0,0,0
a968e85fd282cbfbabfc4eadd6f060da631ac0f4,0,0,0,0,0,0,0,349,0,0,0,0,0,0,0,0,0,0,0,0,0,0,0,0,0,0,0,0,0,0,0,0,0,0,344,0,0,0,0,29148
562e3dd68b89cde30bae2e78211cde2454ea6170,0,0,0,0,0,0,0,0,0,0,0,0,0,0,0,0,0,0,0,0,0,0,0,0,24348,258,1520,0,0,0,0,0,0,0,0,0,0,0,0,0
3fb40dfd95262d976ecb180e7b7f3cf8c1099dda,0,0,0,0,0,0,0,0,0,0,0,0,0,0,0,0,0,0,0,0,0,0,0,0,0,0,0,0,0,0,0,0,0,0,0,0,0,24244,0,989
b70dbcf3e3c32a5524fe9c752a770579e17a42a3,0,0,0,824,0,0,0,5295,0,0,0,229,0,0,0,0,0,0,0,0,0,0,0,0,0,0,0,8885,0,0,0,0,0,0,0,0,0,0,5336,4543
7376580a40d847d164d970b840f3fe4f6cb6661e,0,0,0,0,0,0,0,17881,0,0,0,0,0,0,0,0,0,0,0,0,0,0,0,0,0,0,0,0,0,0,0,0,0,0,0,0,0,0,6696,0
2420716f4cc0774253dfdb96efceec8524061a1a,0,0,0,0,0,0,0,0,0,0,0,0,0,0,0,0,0,0,0,359,4090,9863,9445,0,0,0,0,0,0,0,0,0,0,0,0,0,0,0,0,0
50bee8615a2c7f37b2f41dbf5e4a9632887970c2,0,0,0,0,0,0,0,22397,0,0,0,0,0,0,0,0,0,0,0,0,0,0,0,0,0,0,0,0,0,0,0,0,0,0,0,0,0,0,166,0
bdcf41cb4cf7d9547301b8f627ea1b66b5cb9016,249,0,0,0,0,1322,0,397,0,0,0,0,0,0,0,0,0,0,351,0,0,0,0,0,199,0,0,0,0,0,0,1788,0,0,0,0,11142,0,5083,1567
9189042848f8511a795d656e132d15708a0b768f,0,0,0,0,0,0,0,21557,0,0,0,0,0,0,0,0,0,0,0,0,0,0,0,0,0,0,0,0,0,0,0,0,0,0,0,0,0,0,0,0
eb84976162f2a88e60b002bffee30d69bd5b361b,0,0,0,0,0,0,0,0,290,0,0,0,0,0,0,0,0,0,76,0,0,12203,1632,5110,0,0,690,0,0,423,0,0,0,0,0,0,0,0,0,0
24a7564f31f323572ab2f99d2a34c1a88c3e7c03,0,0,0,0,0,0,0,0,0,0,0,0,0,0,0,0,0,0,0,0,0,0,0,0,0,333,0,0,0,0,0,19873,0,0,0,0,0,0,0,0
8f411e3fb01f50e47ea3ef232a867677bebb19fc,0,0,0,0,0,0,0,4763,578,529,0,0,869,0,0,465,0,0,0,1813,95,466,0,6240,0,0,0,542,0,0,0,0,0,0,0,0,3115,187,192,140
95ea39475ce675bf432574a95ecea491770c3024,0,0,0,4807,0,15001,0,0,0,0,0,0,0,0,0,0,0,0,0,0,0,0,0,0,0,0,0,0,0,0,0,0,0,0,0,0,0,0,0,0
7098901752b272ce22a6da7b9a998e2cee3b8dae,0,0,0,0,0,0,0,0,13884,0,0,0,0,0,0,0,0,0,105,0,0,1194,0,0,0,243,1358,0,0,1651,0,0,0,0,0,699,0,0,0,0
a931ad13e23838c4ba650e9396352c4df649850f,0,0,0,0,0,0,0,0,0,0,0,19238,0,0,0,0,0,0,0,0,0,0,0,0,0,0,0,0,0,0,0,0,0,0,0,0,0,0,0,0
481ebe9f02e04f1c2b81394ebd4bcfb8e0e3aa91,397,113,149,128,2255,164,0,0,0,6195,238,116,0,404,0,0,271,0,0,0,0,0,0,0,0,0,0,6663,98,0,0,0,0,553,0,0,0,0,0,0
d8f671cf875e74ff3a2e4197ef0d1a803e3c3f51,0,0,0,0,0,0,0,0,0,0,0,0,0,0,376,116,229,0,0,0,0,0,0,0,620,0,0,0,14682,779,0,0,0,0,0,0,0,0,0,0
9844723ca061be48e02020123ffb9cb667ea4218,0,0,0,16598,0,0,0,0,0,0,0,0,0,0,0,0,0,0,0,0,0,0,0,0,0,0,0,0,0,0,0,0,0,0,0,0,0,0,0,0
3792a775e81e69b81ac02eabf1c84d0d5e74fd2a,0,0,0,0,0,0,0,0,0,0,0,0,0,0,0,0,0,0,0,0,0,0,0,0,0,15328,0,0,0,0,0,0,0,0,0,0,0,0,0,0
5988017a198c2cf03d9a21e45c6e81a42f6a760d,0,0,0,0,0,0,0,0,0,0,0,0,0,0,0,0,0,0,0,0,0,0,0,0,0,0,0,0,0,0,0,0,0,0,0,0,0,0,0,15046
fcf6642261e836a14d1e996e9d19f5b5d5d633f9,484,0,0,0,0,0,0,4310,307,0,229,0,0,0,0,190,0,0,615,0,67,0,0,0,422,274,1471,0,133,1139,219,86,0,0,0,0,197,1964,1363,412
97d5b0c6e601e67a94304a9a3ec9239cf9db03aa,0,0,0,0,0,0,0,0,6174,0,0,0,0,0,0,0,0,0,0,0,0,0,0,0,273,480,4347,0,0,2771,0,0,0,0,0,214,0,0,0,0
891ef8c0d9f313b81d9974e979fe6d97d2e96ea0,0,0,0,0,0,0,431,0,0,0,0,0,0,0,0,0,0,0,0,0,0,0,0,0,0,0,0,0,12843,0,0,0,916,0,0,0,0,0,0,0
c7daa587ed11b1a453c9b5363916eaa149b45226,0,0,0,0,0,13837,0,0,0,0,0,0,0,0,0,0,0,0,0,0,0,0,0,0,0,0,0,0,0,0,0,0,0,0,0,0,0,0,0,0
d8732bd07c1616a3a0323517a184998be40f0887,0,0,0,0,0,0,0,0,0,0,0,0,0,0,0,0,0,0,0,0,0,0,0,2135,0,0,0,0,0,0,0,11644,0,0,0,0,0,0,0,0
7a3f476a3db6c42374745d40ed5e634cc171102b,0,0,0,0,0,0,0,0,0,0,0,0,0,0,0,0,0,0,0,0,0,0,0,0,0,0,0,0,0,0,0,0,0,0,0,0,0,13494,0,0
daf41f716c53029c4ad08ff31bcee590094bb03d,0,69,0,0,0,0,0,0,0,0,0,0,0,0,0,0,0,0,0,0,0,0,0,0,0,0,0,0,0,0,13431,0,0,0,0,0,0,0,0,0
2f8dc08e23f552035c6d14b960438fec27f18ee6,341,116,0,0,172,204,0,757,241,304,3305,443,0,3235,68,0,0,0,178,0,163,0,0,141,207,0,614,0,306,383,0,157,0,89,78,0,0,349,438,149
dcfa37b7a99eb6b7ff4c2514daa52ca9662521a3,0,77,12062,0,0,0,0,206,0,0,0,256,0,0,0,0,0,0,0,0,0,0,0,0,0,0,0,0,0,0,0,0,0,0,0,0,0,0,0,0
5362111c6a9494f6970126905b1c336f40234cef,0,0,0,1239,0,0,0,0,0,0,0,11216,0,0,0,0,0,0,0,0,0,0,0,0,0,0,0,0,0,0,0,0,0,0,0,0,0,0,0,0
ee1a717759eba033ddc930f4ac75428718ebc0b8,0,0,0,0,12196,0,0,0,0,0,0,0,0,0,0,0,0,0,0,0,0,0,0,0,0,0,0,0,0,0,0,0,0,0,0,0,0,0,0,0
8ed1fbd9c8a9aca4dd6b533e871a9e7d408c9cdc,0,0,0,0,0,0,0,0,0,0,0,0,0,0,0,0,0,0,0,11319,0,0,0,0,0,0,0,0,0,0,0,0,0,0,0,0,406,0,0,0
fa5bf7d6e045cacbd1a4076f7eed74ccfe874913,0,0,0,0,0,0,977,0,0,0,0,0,0,0,0,0,0,0,0,0,0,0,0,0,0,0,0,0,0,0,0,0,10757,0,0,0,0,0,0,0
6ac9f0e9898a0459a39e07006515853bde33a3b7,0,0,0,0,0,2581,0,0,0,0,0,0,0,0,6421,0,0,0,0,0,0,0,0,0,0,0,680,0,0,1219,0,0,0,0,0,0,0,0,0,0
6be647621084f5f5b30470c8098c39edea54f581,0,0,0,194,0,1338,0,834,282,0,0,0,0,0,0,1288,0,0,0,871,2873,175,0,413,408,0,604,0,0,250,0,144,80,0,0,0,0,126,181,251
9c8d50d9add397f0915da3fd23773f9f30ddad40,0,0,0,0,0,0,0,0,0,0,0,0,0,0,0,0,0,0,0,0,0,0,0,0,0,0,0,0,0,0,0,0,0,0,0,0,0,0,10826,0
d8417e72bd78d4f76efb6da72c2daa68d88638e7,0,0,0,0,964,0,0,0,0,0,0,0,0,0,0,0,0,0,0,0,0,0,0,0,0,0,0,0,0,9291,0,0,0,0,0,0,0,0,0,0
f8461c2025c7ddc77f30d0a7be6bc54ad3a95609,0,0,0,0,0,0,0,0,0,0,0,0,0,0,0,0,0,0,0,0,0,0,0,0,10576,0,0,0,0,0,0,0,0,0,0,0,0,0,0,0
339aced1d2a8532b6784672c412f2f0df364e69d,0,0,0,0,0,0,0,0,0,0,0,0,0,0,0,0,0,0,0,0,0,0,0,0,0,0,0,0,0,0,0,0,0,0,10457,0,0,0,0,0
f446b277f8a321874a09d3db3ab6f6479da96404,0,0,0,0,0,0,0,0,0,0,0,0,0,0,0,0,8987,0,0,0,0,0,0,0,0,0,0,0,0,0,0,0,0,0,0,0,0,0,104,0
dfd5165b7a04d2f692453fc2fe7d4aea21569c8d,0,0,0,0,0,0,0,0,0,0,0,0,0,0,0,0,0,0,0,0,0,0,0,0,0,0,0,0,0,0,0,0,0,0,0,0,0,8826,0,0
0a5637891e6e9ed26af41cfb973089c44fc7f9b4,0,0,0,0,0,0,0,0,0,0,0,0,0,0,0,0,0,0,0,7250,0,0,0,0,1236,0,163,0,0,0,0,0,0,0,0,0,0,0,0,0
d4621cf9b4e07bf93772ed42a134df0b23cad61e,0,0,0,0,0,0,0,0,0,0,0,0,0,527,0,0,0,281,0,0,0,0,0,0,0,282,6428,0,0,771,0,0,0,0,0,345,0,0,0,0
c42434fb810297406ca4b81bb9d6b9a2f2e767b0,0,0,0,0,0,0,0,92,0,0,0,0,0,0,0,0,0,0,34,0,0,6531,0,0,0,0,959,0,0,401,0,202,0,0,0,0,0,105,0,0
3f4b0769078bf7c27eba383d115a46d29e905d26,0,0,0,0,0,0,0,0,0,0,0,0,0,0,3028,0,0,4600,0,0,0,0,0,0,102,213,470,0,0,0,0,0,0,0,0,0,0,0,0,0
c747c68ac7ad69ae45e6fb08abe574b3a8bd712a,0,0,0,0,0,232,0,0,0,0,0,0,0,0,0,0,0,0,0,0,0,0,0,0,0,0,235,7672,0,0,0,0,0,0,0,0,0,0,0,0
8a924dc1a534d8e08eb035285a8ee6c402f84997,0,0,0,0,0,1519,0,0,0,0,0,265,0,0,284,0,0,438,0,0,0,0,0,0,0,0,389,0,3094,97,0,0,1319,726,0,0,0,0,0,0
5dde36be0fd2d021182ede868c2752c8e1bf55c5,0,0,0,0,0,332,0,0,648,0,0,0,0,0,170,160,0,0,0,0,0,0,0,0,0,113,6644,0,0,99,0,0,0,0,0,0,0,0,0,0
433c2a4d5d66f8de3ed8577b4396d38c107a46ec,0,0,0,0,0,0,0,739,0,0,0,720,832,0,0,0,452,0,0,212,2176,132,0,259,100,0,0,202,0,0,0,0,0,0,166,0,0,0,1650,311
a5cb19e0e011db29aa6584b90df33a09dd6b0512,0,0,0,0,0,0,0,0,0,0,0,0,0,0,0,0,0,0,0,7884,47,0,0,0,0,0,0,0,0,0,0,0,0,0,0,0,148,0,0,0
abdcafc637a340ea76c4b870d178f7594805163e,0,0,0,0,0,0,0,3657,0,0,0,0,0,0,75,0,0,0,0,667,873,0,177,0,520,0,0,0,0,0,0,0,0,1806,158,0,0,0,0,0
66d11c87fa41000810189e243e093232e92540c8,364,167,0,162,2880,566,360,0,524,0,132,120,0,0,60,0,0,0,0,143,83,0,0,0,479,112,310,0,105,344,0,0,0,0,0,0,123,0,0,0
7f5463063b6d8346da8e2e27e9b854074cb771e2,0,0,0,147,0,0,0,0,795,0,4099,0,0,146,435,863,0,0,30,0,0,0,0,177,517,0,0,0,0,0,0,0,0,0,0,0,0,0,0,0
ad2d068203d31196a5715bc6bea794516eca4f71,0,0,0,0,0,0,0,179,0,0,0,0,0,0,0,0,0,0,0,0,3990,0,0,0,0,0,0,0,0,0,0,0,0,0,131,0,0,0,2530,677
291ce85657ca257e483671e0ded2c6f83749c631,0,0,0,0,0,0,0,0,331,0,0,0,0,0,0,0,0,0,4435,0,0,0,683,0,0,0,0,0,0,1135,0,0,0,0,0,0,0,0,878,0
fe3cf30a6f8e25548beff742f78a0a5d416637e2,0,0,0,0,0,0,0,1451,0,0,0,0,0,0,0,0,0,0,570,4308,0,0,0,0,0,0,0,0,0,0,0,0,0,0,0,0,916,0,162,50
27d4881335ad511c02da784371422802e55bf62c,0,0,0,0,0,0,0,0,0,0,0,0,0,0,7442,0,0,0,0,0,0,0,0,0,0,0,0,0,0,0,0,0,0,0,0,0,0,0,0,0
deb9f15ec993a369a7f864a036bf6af1c88af7ab,0,0,0,0,0,4961,0,425,0,0,0,0,0,0,73,0,0,0,194,280,90,0,0,0,0,0,202,0,0,88,0,0,0,0,0,0,0,0,0,80
734a727699666554c31f99dc32763d45260ac3a7,0,0,0,0,0,0,0,0,0,265,0,0,0,0,0,0,0,0,62,0,0,0,0,0,0,0,0,0,0,0,6743,0,0,0,0,0,0,0,0,0
f1c31c87b96f8fdc4e39d825d3d8e1efedcd6e4b,0,0,0,0,0,0,0,0,0,0,0,6968,0,0,0,0,0,0,0,0,0,0,0,0,0,0,0,0,0,0,0,0,0,0,0,0,0,0,0,0
470a977a3c58da5dc036e2a673c98544c41ea5ee,0,0,0,0,0,0,6695,0,0,0,0,0,0,0,0,0,0,0,0,0,0,0,0,0,0,0,0,0,0,0,0,0,0,0,0,0,0,0,0,0
b785cf8342ac67acf6be6ee47e4c3c558c63f5dc,0,486,0,299,171,153,0,0,352,503,823,234,0,136,0,561,60,0,0,0,44,0,0,0,443,0,1225,0,0,559,0,0,0,0,0,0,0,0,0,0
009e85b8367961b0e67eeb6ac911cabd1994dcbc,0,0,0,0,0,0,0,0,0,0,0,0,0,0,0,0,0,0,0,0,1505,0,0,0,0,0,0,0,0,0,0,0,0,0,0,0,0,4941,0,0
8f0f2c23acc662bbda0be955537d01054a34004c,0,0,0,0,6050,0,0,0,0,0,0,0,0,0,0,0,0,0,0,0,0,0,0,0,0,0,0,0,0,0,0,0,0,0,0,0,0,0,0,0
db21a4708328bae5536020be1a1de692d2b863a5,0,0,0,0,0,143,0,0,0,0,0,0,0,0,249,0,0,0,0,0,0,456,0,3647,0,0,0,0,794,0,0,0,0,0,0,0,0,0,407,0
a0086791b6aa7b8fd95e025225510c055a190b51,0,47,0,0,0,0,0,0,563,0,0,0,0,0,0,0,0,0,0,0,0,0,0,0,2430,0,0,0,0,0,2755,0,0,0,0,0,0,0,0,0
8dd7391bf578401dfffc52619bdb2df2fea517e8,0,0,0,0,0,0,0,0,0,0,0,0,0,0,446,0,0,0,0,0,0,0,0,0,0,1943,1262,0,0,2227,0,0,0,0,0,0,0,0,0,0
23e961ca2f251954c604258c950521c0175d13c8,0,0,0,0,0,887,2274,0,0,125,0,0,0,682,0,0,0,0,0,0,0,0,0,0,0,0,0,0,1615,0,0,0,0,0,0,0,0,0,0,0
dcb5d90766bddda2fdd57c5b537b9a54a9cebbe7,0,5789,0,0,0,0,0,0,0,0,0,0,0,0,0,0,0,0,0,0,0,0,0,0,0,0,0,0,0,0,0,0,0,0,0,0,0,0,0,0
395d548dac033d9b9c1c3f4ba1178b10b3907b0e,0,0,0,1576,126,0,0,0,92,0,0,0,0,0,0,0,0,0,0,73,0,131,0,0,0,0,0,181,0,0,0,0,0,264,0,0,0,2898,0,0
ab8cb994018534de008d08cf446c56a025eb083f,0,0,0,0,0,0,0,0,0,0,0,0,0,0,0,0,0,0,0,0,0,0,0,0,5650,0,0,0,0,0,0,0,0,0,0,0,0,0,0,0
d78a8fa8ead63852cb21f6bb43c98b71a097f2d7,0,0,0,0,0,0,0,0,0,0,0,0,0,0,0,0,0,0,0,0,0,0,0,0,0,1446,0,0,0,163,0,0,0,0,0,0,0,3848,0,0
93b8e107cf51c909f8d497982762c5537b3c5dc4,0,0,0,0,0,0,0,0,0,0,0,0,0,0,0,0,0,0,0,0,0,0,0,0,0,0,0,0,0,0,0,0,5432,0,0,0,0,0,0,0
0737472272dd0d9e4aea7f3484a7cfc129d5652f,0,0,0,0,0,0,0,0,0,0,0,0,0,0,0,0,0,0,0,0,0,0,0,0,0,0,0,0,5329,0,0,0,0,0,0,0,0,0,0,0
95b3945e4cd427b89667d6881b5da493bfeff52f,0,0,0,0,0,0,0,0,0,0,0,0,0,0,0,0,0,0,0,0,39,0,0,0,0,265,0,0,0,0,0,0,0,0,0,0,0,4675,0,0
67056c7aa8e48487ae679a7c910271fc15aa32b5,0,0,0,0,0,0,0,0,0,0,0,0,0,0,0,0,0,0,0,0,0,0,0,0,0,0,0,0,0,0,0,0,0,0,4919,0,0,0,0,0
2845aaaf2cc847fe3c3c3d476d244ed9142f28ae,0,49,2196,0,0,0,0,0,107,0,0,0,0,0,0,115,0,0,0,0,0,0,0,0,0,0,0,889,186,0,0,0,0,0,0,778,0,0,0,0
4f99d4ae374dbe67c313ba21f0b44f2c345f44d9,0,0,0,0,0,0,0,0,0,0,0,0,0,0,0,0,0,0,0,0,0,0,0,0,3532,0,0,0,0,0,0,0,0,0,0,0,1330,0,0,0
b26c9a80e7faf1954bdac106d61b51ecc02a2245,0,4870,0,0,0,0,0,0,0,0,0,0,0,0,0,0,0,0,0,0,0,0,0,0,0,0,0,0,0,0,0,0,0,0,0,0,0,0,0,0
af786407ea25a72e877c106fc0aba29048092267,0,0,0,0,128,0,0,0,0,0,0,0,0,0,0,0,0,0,0,0,0,0,0,0,3022,0,732,0,0,233,0,0,0,0,0,589,0,0,0,0
b62a496ca41dc0e2ea3d42f1e7e1b9d91e3c12f9,0,0,0,0,0,0,0,120,164,0,1079,223,0,1240,0,0,0,0,57,0,63,0,0,0,92,0,234,0,0,0,0,308,0,0,0,0,0,217,84,33
0a08247478102dac9873b9705d23cabc289c0a01,0,0,0,1459,0,0,0,0,2214,0,0,0,0,0,0,0,0,0,97,0,0,351,0,0,133,0,272,0,0,142,0,0,0,0,0,0,0,0,0,0
b1f29718ceda0d6e293b65558b42969ec1969616,0,0,0,0,0,0,4685,0,0,0,0,0,0,0,0,0,0,0,0,0,0,0,0,0,0,0,0,0,0,0,0,0,0,0,0,0,0,0,0,0
184531356b6e6606216bf94695d87877bd7363fd,0,0,0,0,0,0,0,0,0,0,0,0,0,0,0,0,0,0,0,0,0,2547,0,0,0,0,1324,0,0,253,0,0,0,0,0,281,0,0,0,0
1b2deb24cd1847bd3b8acf3af95a6cbc1196763b,0,0,0,0,0,0,0,0,0,0,0,0,0,0,0,0,0,0,0,0,0,0,0,0,0,0,0,0,0,0,0,0,0,4535,0,0,0,0,0,0
3478a4966bb3fef2a83113e17f45cdc0ca596260,0,0,0,0,0,0,0,0,0,0,0,0,0,0,0,0,0,0,0,0,0,0,0,0,0,0,0,0,0,0,0,0,0,4501,0,0,0,0,0,0
ed8a71b861bfef750b28c3a4729f05a79bb611e7,0,0,0,0,0,2203,0,0,0,0,0,2324,0,0,0,0,0,0,0,0,0,0,0,0,0,0,0,0,0,0,0,0,0,0,0,0,0,0,0,0
0170035b2dbe9c16a9222425a67f001cbd870b04,0,0,0,0,0,0,0,0,0,0,0,0,0,0,0,0,0,0,0,0,4458,0,0,0,0,0,0,0,0,0,0,0,0,0,0,0,0,0,0,0
fe93733e1612b426aeead9d0445b48878b9fc741,0,0,0,0,0,0,0,0,0,0,0,0,0,0,0,0,0,0,0,0,0,0,0,0,0,0,0,0,0,0,0,0,0,0,0,0,0,0,4305,0
63e3702008c89495c4718d685b0aa3aa3f2dc287,0,4283,0,0,0,0,0,0,0,0,0,0,0,0,0,0,0,0,0,0,0,0,0,0,0,0,0,0,0,0,0,0,0,0,0,0,0,0,0,0
8dc299617ac388072b43bb33718a7b86ec336d11,0,0,0,0,0,0,0,307,0,0,0,0,0,0,0,0,0,0,0,1160,95,142,1158,388,0,0,0,0,0,0,0,290,0,0,234,0,184,0,0,38
76ac2d8ca28e48d150421baeadb279a6158bf544,0,0,0,0,0,0,0,3071,0,0,0,0,0,0,0,0,0,0,0,0,0,0,0,0,0,0,0,0,0,0,157,0,0,0,0,0,0,267,637,0
b35913790490f2d03e99e95c6ccb057e969d2b77,0,1871,0,0,0,0,0,0,244,437,131,0,0,120,0,0,0,0,0,0,0,0,0,0,0,0,370,0,0,280,0,61,0,0,0,0,0,0,0,0
8afc3f1e1576ad9f81ee3b70bff077432d46711a,0,0,0,0,0,0,0,0,0,0,0,0,0,3993,0,0,0,0,0,0,0,0,0,0,0,0,0,0,0,0,0,0,0,0,0,0,0,0,0,0
f1816dc3955e27b9403eccff981b5c46aac03d1d,0,0,0,0,0,0,0,0,0,0,0,0,0,0,0,0,0,102,0,0,0,0,0,0,0,0,0,0,0,0,0,0,0,3803,0,0,0,0,0,0
00aaa631e427007f287308840a0d8fcb8f84f059,0,0,0,0,0,0,0,0,0,0,0,0,0,0,0,0,0,0,0,0,0,3805,0,0,0,0,0,0,0,99,0,0,0,0,0,0,0,0,0,0
e8277dc578f7e2aacf6f0f600f4405214147038a,0,397,0,0,0,0,0,149,172,272,569,283,0,1191,0,0,0,0,77,0,112,0,0,0,0,0,0,0,62,0,0,0,0,0,0,0,0,0,0,0
d062b28836fd88d52463ae717f60360b83896d1a,0,3498,0,0,0,0,0,0,0,144,0,0,0,0,0,0,0,0,0,0,0,0,0,0,0,0,0,0,0,0,0,0,0,0,0,0,0,0,0,0
835ed017e9458b76219d7408fcd7550de78b96cd,0,0,0,0,0,0,0,2093,0,0,0,0,0,0,91,0,0,0,0,343,485,0,0,0,301,0,104,0,0,0,0,0,0,201,0,0,0,0,0,0
9034ff7ed4a5af37c6a99539b3b98758e29918a5,0,160,1653,0,0,0,0,0,0,0,0,739,0,0,0,0,76,0,0,0,0,0,0,0,0,0,0,0,0,0,845,0,0,0,0,0,0,0,0,0
521776889d22df44ddb151b47e350047f8149c40,0,0,0,0,0,0,0,0,0,0,0,0,0,0,0,0,0,0,0,0,2645,0,0,0,0,0,0,0,0,0,0,1063,0,0,0,0,0,0,0,0
67b0a6b11212ac90b78d7d9142b7f1504eb5be5a,0,0,0,0,0,3557,0,0,0,0,0,0,0,0,0,0,0,0,0,0,0,0,0,0,0,0,0,0,0,0,0,0,0,0,0,0,0,0,0,0
e80c1a15dc7a0b60086a87289c614a1c98f6d098,0,0,0,0,0,0,0,3329,0,0,0,0,0,0,0,0,0,0,0,0,0,0,0,0,0,0,0,0,0,0,0,0,0,0,0,0,0,0,0,0
9c1bd1eb2a3c11d59722e2350efa9d82278e5d23,0,0,0,0,0,0,0,0,0,0,0,0,0,0,0,0,0,0,0,0,0,0,0,0,0,0,3286,0,0,0,0,0,0,0,0,0,0,90,0,0
b4194a0bec873f9d26e49a345457a4cc4362e5be,0,215,0,227,0,179,0,0,1018,0,263,294,0,0,0,0,60,0,0,0,0,0,0,0,635,0,103,0,0,0,0,0,0,0,0,0,0,0,0,0
f277f8a3b223020e2b6a1e240a68d4c94753ce35,0,94,0,0,0,261,0,0,130,0,246,0,0,0,0,394,0,0,0,0,0,485,0,0,115,0,383,0,84,145,0,0,0,0,0,0,0,307,0,77
32007cb5b391ff633a5e87679eb099887c8fd2d0,0,0,0,0,0,0,0,0,0,0,2862,337,0,0,0,0,0,0,0,0,0,0,0,0,0,0,0,0,0,0,0,0,0,0,0,0,0,0,0,0
6a724b4c0c9ca9472b43b02458354bd5c51d3893,0,0,0,0,0,0,0,0,0,0,0,0,0,0,0,0,0,0,0,0,90,0,0,0,0,0,0,0,0,0,0,0,0,0,2510,0,117,68,124,0
4c1a94586bea662369c0db45b18c109182390a6c,0,0,0,0,0,0,0,0,0,0,0,0,0,0,0,0,0,0,0,0,105,0,0,0,0,0,0,0,0,324,0,0,0,0,0,0,0,1160,1488,0
eda508affca675f75a39bd57a61df6e371bcd3f0,0,0,0,0,0,0,0,0,0,0,0,0,0,0,0,0,0,0,0,0,106,0,0,0,0,0,0,0,0,0,0,0,0,0,0,0,0,0,3084,0
f9d1551d77bbf2c51422c44a1bec29b51129f6ff,0,0,0,0,0,0,0,0,0,0,0,0,0,0,0,133,0,0,0,0,2136,0,0,0,0,0,0,0,0,0,655,0,97,0,0,0,0,0,0,0
dc607db3102a6cbe351b99450f9e4ee59a6c831b,0,0,0,0,0,0,0,0,0,2879,0,0,0,0,0,0,55,0,0,0,0,0,0,0,0,0,0,0,0,0,0,0,0,0,0,0,0,0,0,0
2aae316576ebc8ad9148d02a369827c91db2e603,0,0,0,0,0,745,2344,0,0,0,0,0,0,0,0,0,0,0,0,0,0,0,0,0,0,0,0,0,0,0,0,0,0,0,0,0,0,0,0,0
35184e13d421b5d1b8cce24ca0fc3cd96768d63b,0,0,0,0,0,0,0,336,0,0,0,0,0,0,0,0,0,0,0,0,0,0,0,0,0,0,0,0,0,0,0,0,0,0,0,0,0,2611,0,0
bd42e5f4c279b2dde467d52313325fc817519c0f,0,0,0,0,0,0,0,0,0,0,2891,0,0,0,0,114,0,0,0,0,0,0,0,0,0,0,0,0,0,0,0,0,0,0,0,0,0,0,0,0
006943e09e8dce4b3fa362181bda76e954f33df1,255,162,230,169,0,0,86,0,164,157,0,695,0,250,0,0,130,0,0,0,0,0,0,0,0,0,0,0,0,94,413,0,0,0,0,0,0,0,0,0
f7b3f0ac89adf8b27cc15ace746c33219c5da1ce,0,0,0,0,0,0,0,0,273,0,0,0,0,0,0,0,0,0,0,114,0,0,0,0,280,0,670,0,0,248,0,0,450,0,0,0,0,0,0,0
68e86e33d808e8a66a70ee2848212ddab1cbc927,0,0,0,0,0,0,0,0,261,0,0,0,0,0,0,0,0,0,221,0,0,0,0,0,0,0,1173,0,0,865,0,0,0,0,0,0,0,0,0,0
9444621de06b6562dbd40530fca8af515911e54e,0,0,0,0,0,0,0,0,0,0,0,0,0,0,0,0,0,0,0,0,0,0,0,0,0,0,2822,0,0,0,0,0,0,0,0,0,0,0,0,0
8c4227a4afe88ac31fb69c0ab5cdf96cc26e9a0d,0,0,0,0,0,164,0,0,0,0,0,516,0,0,0,132,0,0,0,0,0,0,0,0,0,0,0,192,0,0,0,0,0,1665,0,0,0,0,0,39
9e3b91c6f30cb7fa893dc92f8fea6cc7c0c45662,0,0,0,0,0,0,0,2809,0,0,0,0,0,0,0,0,0,0,0,0,0,0,0,0,0,0,0,0,0,0,0,0,0,0,0,0,0,0,0,0
5df152eb6ba25a29981103762bf0a05bbfd49078,0,0,0,0,0,0,0,0,0,0,0,0,0,0,0,0,0,0,0,0,0,0,0,0,0,0,0,0,0,0,2784,0,0,0,0,0,0,0,0,0
75a8ecf890cfc360ff208a2f9eb3665751724680,0,547,0,0,0,0,0,0,0,2211,0,0,0,0,0,0,0,0,0,0,0,0,0,0,0,0,0,0,0,0,0,0,0,0,0,0,0,0,0,0
f9edf364ef6cb2b441907bc429bb0cbec41e1e9d,0,0,0,0,0,0,0,0,0,0,0,0,0,0,0,0,0,0,2692,0,0,0,0,0,0,0,0,0,0,0,0,0,0,0,0,0,0,0,0,0
f5a57b06d74b3e2346d6adaff7394a9d10502730,0,0,0,0,0,0,0,0,685,194,0,0,0,0,894,0,0,0,0,0,0,0,0,0,86,0,785,0,0,0,0,0,0,0,0,0,0,0,0,0
c26e9715158d07ff4f2804d0759b57846dc9dc9c,0,0,0,0,0,0,0,0,0,0,0,0,0,2622,0,0,0,0,0,0,0,0,0,0,0,0,0,0,0,0,0,0,0,0,0,0,0,0,0,0
6a19b4c90dbc75814bf21500cc64dac38ba79eb2,0,0,0,0,0,0,0,0,0,0,0,0,0,0,0,0,0,0,0,0,0,0,0,0,2567,0,0,0,0,0,0,0,0,0,0,0,0,0,0,0
fb93a8769f5f04ba6d5386745ad6f9a28dea4eb7,0,0,0,0,0,0,0,0,0,0,0,0,0,196,0,0,0,0,39,0,0,0,0,0,2306,0,0,0,0,0,0,0,0,0,0,0,0,0,0,0
f4259df17a53373fd2c23943968c52d95e3ddc6b,0,0,0,0,0,0,0,0,0,0,0,0,0,0,0,0,0,0,0,0,0,0,0,0,0,0,0,0,0,0,0,0,0,0,2538,0,0,0,0,0
d6bdac099f3b556967d6f3121988b4ab3622ec1b,0,0,0,0,0,0,0,0,0,0,0,0,0,0,0,0,0,0,0,0,0,0,0,0,0,0,0,268,0,0,0,0,595,1327,0,0,0,0,0,0
2e9829d46eff36feafc8daceac753e209588245f,0,0,0,0,0,0,0,0,0,0,0,0,0,0,0,0,0,0,0,0,0,0,0,0,0,0,1933,0,0,0,0,0,0,0,0,0,0,0,562,0
3fbb56c7ef9ccfcf0e7486dc736296a46310b78f,0,0,0,0,0,0,0,0,0,0,0,0,0,0,0,0,2490,0,0,0,0,0,0,0,0,0,0,0,0,0,0,0,0,0,0,0,0,0,0,0
e13e7b27bcc7ac695af25295c8726be7d6496953,0,0,0,0,535,0,0,0,0,0,0,0,0,0,0,179,0,0,0,0,0,0,0,0,0,0,0,0,0,0,1288,0,0,111,0,0,0,0,0,0
777a7af8fcd49d4dcc5ae9bc20e3c2531e48ef4f,0,2005,0,0,0,0,0,0,0,0,0,0,0,0,0,0,409,0,0,0,0,0,0,0,0,0,0,0,0,0,0,0,0,0,0,0,0,0,0,0
c310b0b43d6890c0453abfaf8ebcf84e34dbe554,206,189,0,0,0,0,0,0,0,0,926,118,0,0,0,0,0,0,39,0,0,0,0,0,159,0,0,0,0,296,0,0,0,0,0,0,0,0,0,0
5db3bce9bfb7fc22dcaa2d406b73870030921a13,0,0,0,0,0,0,0,0,0,0,0,0,0,248,0,0,0,0,0,0,0,0,0,0,0,0,0,0,0,0,0,0,0,0,0,0,0,0,2089,0
7900659db7f46640996265f8c83eba780e135ae5,0,90,1803,0,0,0,0,0,0,0,0,0,0,327,0,0,0,0,0,0,0,0,0,0,0,0,0,0,0,0,0,0,0,0,0,0,0,0,0,0
852839b0ca82754079936e4a5b9837120cc91f09,0,0,0,0,0,0,0,0,0,0,0,0,0,0,340,0,0,0,0,0,0,0,0,0,1805,0,0,0,0,0,0,0,0,0,0,0,0,0,0,0
1039ef328fd9e4ca490bf48e757e60c4953fa474,0,0,0,0,0,0,0,0,0,0,0,0,0,0,0,0,0,0,0,0,0,0,0,0,0,162,1451,0,0,443,0,0,0,0,0,119,0,0,0,0
516705d51641518b1404bdc5ed41f6b1fb9fd50e,0,0,0,0,0,0,0,129,0,0,0,0,0,0,0,0,0,0,38,0,0,336,0,0,289,0,0,0,0,0,0,109,0,0,116,0,488,409,0,0
e8eaf7a41095a8559307217931a8b12dc4810aa5,0,2228,0,0,0,0,0,0,0,0,0,0,0,0,0,0,0,0,0,0,0,0,0,0,0,0,0,0,0,0,0,0,0,0,0,0,0,0,0,0
168ffe74a0d83f7b4e2de441fe0ff5c7fd9efffa,0,0,0,0,568,0,0,0,0,800,487,0,0,0,0,0,0,0,0,0,0,0,0,0,0,0,0,0,0,0,0,0,0,254,0,0,0,0,0,0
e63241c8c07d843a2b78a8d2c36dfe77bb468141,0,0,0,0,0,0,0,114,190,0,0,0,0,0,0,0,95,0,0,0,0,0,0,0,0,0,986,0,0,130,0,0,0,0,0,0,0,200,0,0
997fc4446ca3df52516532e0a6ba58ba920d0219,0,0,0,1921,0,0,0,0,0,0,0,0,0,0,0,0,0,0,0,0,0,0,0,0,0,0,0,0,0,116,0,0,0,0,0,0,0,0,0,0
b6ce8bc61a8b619dddb66c2bcd4d0109e0ba5362,0,0,0,0,0,0,0,2101,0,0,0,0,0,0,0,0,0,0,0,0,0,0,0,0,0,0,0,0,0,0,0,0,0,0,0,0,0,0,0,0
2a12858bf79dda16d385e5003d95a1b8c52603e2,0,0,0,0,0,0,0,0,0,0,0,0,0,0,0,0,0,0,0,288,1261,0,0,0,174,0,0,0,0,0,0,0,0,346,0,0,0,0,0,0
d067d9e979a170d6d72c435cede92a58fb560f4f,0,0,0,0,0,0,0,0,0,0,0,0,0,0,0,0,0,0,0,0,0,0,0,0,0,0,0,0,1997,0,0,0,74,0,0,0,0,0,0,0
48db410feefc2f31fef3e898adeb953506df4ef7,425,0,0,0,0,0,0,0,0,0,135,0,0,0,0,663,0,524,33,0,0,0,0,0,0,0,0,0,0,0,156,0,0,0,0,0,0,0,0,0
96dff16c7d44012b0b18969eafaecbd718c7bdd3,0,0,0,0,0,0,0,1719,0,0,0,0,0,0,57,0,0,0,0,0,0,0,0,0,0,0,112,0,0,0,0,0,0,0,0,0,0,0,0,0
3f6cc10b1b6b7c8e59f9ad43f64765b4ae0ec172,0,0,0,0,0,0,0,0,132,0,0,0,469,0,0,0,0,0,0,0,74,137,192,0,156,0,127,0,0,0,0,0,0,0,0,0,0,192,0,0
6b8a7db90f3c14b9ace4891125856c5dfcb5130c,0,0,0,0,0,0,0,0,0,0,0,0,0,0,0,0,0,0,0,0,0,0,0,0,0,0,0,0,0,0,0,0,0,0,0,0,0,1587,343,0
fe106e14e41ad9a7607e1b0769d9a13aad107572,0,0,0,0,0,0,0,0,0,0,0,0,1826,0,0,0,0,0,0,0,0,0,0,0,0,0,0,0,0,0,0,0,0,0,0,0,0,0,0,0
38a6d30a99513caf58ee4c5e7102d901aff289c9,0,0,0,0,0,0,476,0,249,0,0,0,0,0,0,0,0,0,0,0,0,160,0,0,0,0,183,0,70,240,205,0,0,0,0,0,0,0,0,0
115a9590ef54e3c3b9ee95fdf21cb58c1dc98105,0,0,0,1733,0,0,0,0,151,0,0,0,0,0,0,0,0,0,0,0,0,0,0,0,0,0,0,0,0,0,0,0,0,0,0,0,0,0,0,0
58821f5ea9e78d022ff9e0fe7c716bec03c61fce,0,66,0,0,0,0,0,0,165,0,0,649,0,0,0,0,0,0,0,0,0,0,0,0,0,0,241,0,0,164,0,0,0,0,0,0,0,0,0,0
a9220180481b66be54d8f32b85f67d6415aa9354,0,0,0,0,0,0,0,0,0,0,0,418,0,0,0,101,0,0,41,0,0,0,0,0,0,0,0,0,0,106,0,0,793,0,0,0,0,0,0,0
7345abfc2a4ad5090e8c889fade105f5657db45e,0,0,0,0,0,0,0,0,0,0,0,0,0,0,0,0,506,0,0,0,0,0,0,0,117,0,755,0,0,131,0,0,0,0,0,0,0,0,0,0
4b4bc77bf18b4bd25d584312ec9737d15b474d48,0,1809,0,0,0,0,0,0,0,0,0,0,0,0,0,0,0,0,0,0,0,0,0,0,0,0,0,0,0,0,0,0,0,0,0,0,0,0,0,0
d9a67ed9ab317cad55209bb1cef411287844d4d5,0,0,0,0,0,0,0,0,0,0,1802,0,0,0,0,0,0,0,0,0,0,0,0,0,0,0,0,0,0,0,0,0,0,0,0,0,0,0,0,0
9fdf5ef109f8b7dfbb547b943898521cc99ae6d4,0,0,0,0,0,0,0,0,0,0,0,0,0,0,0,0,0,0,85,0,0,0,0,0,0,0,0,0,0,0,0,0,0,0,0,0,0,0,1701,0
cf2948dbc1d36fdbece621d5ea4922554c7aea45,0,0,0,0,0,0,0,0,0,0,0,0,0,0,0,0,0,0,0,0,0,0,0,0,0,0,0,0,0,0,0,0,0,1565,0,0,0,0,0,0
3f6da7a39d61e3874009abc81b84c0462b3d02c9,0,0,0,0,0,0,0,0,0,0,0,0,0,0,0,0,0,0,0,0,0,0,0,0,0,0,0,0,0,0,0,0,1581,0,0,0,0,0,0,0
be0f73a6a40e5925dac5275c7db8df6f0787fe74,0,0,0,0,0,0,0,0,1723,0,0,0,0,0,0,0,0,0,0,0,0,0,0,0,0,0,0,0,0,0,0,0,0,0,0,0,0,0,0,0
279558f0739699ec2536179a33cbab4fb88e5d1c,0,51,0,0,0,0,0,0,0,1405,0,0,0,0,0,0,0,0,0,0,0,0,0,0,0,0,0,0,0,0,0,0,0,0,0,0,0,0,0,0
000bbaef2a6e252d64a9f8b8d360ff64fd2b5657,0,0,0,278,326,0,478,0,0,0,0,0,0,0,0,0,0,0,0,0,0,0,0,0,0,0,0,0,69,0,0,0,108,0,0,0,0,0,0,0
fd5b98c8203ceb3a940af505f0359566ec171214,0,0,0,0,0,0,0,0,0,0,0,0,0,0,0,0,0,0,0,0,0,0,0,0,0,0,0,0,0,0,0,0,0,0,0,0,0,1569,0,0
99c0d78b6003e5953d74194990feb324960980ea,0,0,0,0,0,0,0,875,0,0,0,0,0,0,83,0,0,0,0,0,0,0,0,0,387,0,0,0,0,0,0,0,0,0,107,0,0,0,0,0
471e4995becde4f1dc04c8bc338ffd00fc0006af,0,0,0,0,0,0,0,0,0,0,0,0,0,0,0,0,0,0,0,0,0,0,0,0,0,256,826,0,0,0,0,0,0,0,0,0,0,0,556,0
f91ec54eb63f0f18b36b866e53c3e76779e08f20,0,0,0,0,0,0,0,0,0,0,0,0,0,0,0,0,0,0,0,0,0,0,0,0,0,0,0,0,0,0,0,1611,0,0,0,0,0,0,0,0
d6d20d1791b97dbd4358cf4ea51f9244e4596fbe,0,0,0,1099,0,0,0,0,0,0,0,0,0,0,0,0,0,0,0,0,0,0,0,0,0,0,0,0,0,0,0,0,0,0,0,0,0,0,0,0
8ba1fded2692caab4f65d35b571857c52af3dfc6,0,0,0,0,0,0,0,0,1467,0,0,0,0,0,0,0,0,0,0,0,0,0,0,0,0,0,0,0,0,0,0,0,0,0,0,0,0,0,0,0
49cb830baa25a2592879a20b757b7a6b57aea9be,0,0,0,0,0,419,0,256,0,0,0,0,0,0,0,0,0,0,606,0,0,0,0,0,89,0,0,0,0,0,0,0,0,0,0,0,0,0,0,71
60ae807122df853e46cbcba6b4fa1ce5a5caeea5,0,0,0,0,0,0,0,0,100,0,0,0,0,0,0,0,0,0,0,0,0,141,0,0,0,0,638,0,0,519,0,0,0,0,0,113,0,0,0,0
fc642738e2eee360753ec56354270cf5683bdd11,0,0,0,0,0,0,0,1108,0,0,0,0,0,0,0,0,0,0,0,0,219,0,0,0,107,0,0,0,0,0,0,0,0,0,0,0,0,0,0,0
abf7fa980225e2d783861f602e4fc6fe304ea635,0,48,0,0,0,0,0,0,0,0,0,0,0,0,0,0,0,0,0,0,88,0,0,0,0,0,1130,0,0,0,0,0,0,0,0,0,0,0,0,0
4498724d6ee71889c12c47cb73215145e2a49379,0,166,0,0,0,0,0,0,0,177,230,0,0,211,0,0,0,0,0,0,0,0,0,0,0,0,0,0,0,0,0,0,0,0,0,0,0,0,0,0
eb0d96d5b9a348c1a675ded655600b0be23d4903,0,0,0,0,0,0,0,0,0,0,0,0,0,0,0,0,0,0,0,1499,0,0,0,0,0,0,0,0,0,0,0,0,0,0,0,0,0,0,0,0
1b30f8d0f5d6137119e481e82eb73f3ebce968c3,0,0,0,0,0,0,0,0,0,0,0,0,0,0,0,0,0,0,0,0,0,1255,0,0,0,0,108,0,0,0,0,0,0,0,0,0,0,0,0,0
88d3f65a0a5bc6a5c2419bac30273abcec920586,0,0,351,0,0,0,0,0,261,0,0,0,0,0,0,0,0,0,37,0,99,0,0,0,0,0,0,0,0,0,0,0,0,0,0,0,0,0,0,0
05f51129eba47afe125637e215c96166f5e1d3c8,0,0,0,0,0,0,0,0,0,0,0,0,0,0,46,0,223,0,0,0,0,0,0,0,0,0,366,0,0,174,0,0,0,0,0,0,0,0,0,0
d89148c39ad565bbf5babb1771e35b9e826fbd34,0,0,0,0,0,190,0,169,0,0,0,0,0,0,0,0,0,0,0,0,0,0,0,0,0,0,124,0,0,0,0,0,0,0,337,0,0,0,0,342
3a9289c08456e69c3084d492bab131b1344a9c15,208,96,0,0,0,0,0,0,0,0,391,189,0,0,0,0,276,0,0,0,0,0,0,0,0,0,0,0,0,0,0,0,0,0,0,0,0,0,0,0
d9124ecab2867654b4376fa28c33691fbdde33b6,0,58,0,0,0,0,0,0,0,133,224,307,0,360,0,0,0,0,0,0,0,0,0,0,0,0,0,0,0,0,0,0,0,0,0,0,0,0,0,0
db963ed6f345d694ba9645e9ff52f771d798d7c7,0,0,0,0,0,0,0,0,0,0,0,0,0,0,0,1386,0,0,0,0,0,0,0,0,0,0,0,0,0,0,0,0,0,0,0,0,0,0,0,0
c25afd50d00d642158a4161cbe34145f7512db47,0,0,0,0,361,0,0,0,0,0,0,0,0,0,0,0,0,0,0,0,0,0,0,0,0,0,0,786,0,0,0,0,0,0,0,0,0,0,0,0
2742f48aa0ce05d3911448e9c07f7a741b97e9da,0,0,0,0,0,0,0,0,0,0,0,0,0,0,0,0,0,0,0,0,0,0,0,0,0,726,517,0,0,0,0,0,0,0,0,0,0,0,0,0
11260b01da9e63b008df6771afde9e821780c415,0,79,0,0,0,0,0,0,0,293,555,0,0,0,0,103,0,0,0,0,0,0,0,0,0,0,0,0,0,0,0,0,0,0,0,0,0,0,0,0
8e61aa36d531efc1334be220a0a27c2267b75bf7,0,0,0,0,0,0,0,0,0,0,0,0,0,0,0,0,0,0,0,1334,0,0,0,0,0,0,0,0,0,0,0,0,0,0,0,0,0,0,0,0
7cf0d8424a46d272feaff97e00e780d97e7d9693,0,0,0,0,1323,0,0,0,0,0,0,0,0,0,0,0,0,0,0,0,0,0,0,0,0,0,0,0,0,0,0,0,0,0,0,0,0,0,0,0
028f874920895e86abb36fff64ec52ce1c8947ab,0,0,0,0,0,0,0,0,120,0,0,0,0,0,0,0,0,0,0,0,0,0,0,0,1147,0,0,0,0,0,0,0,0,0,0,0,0,0,0,0
1662fa7fae958fa3378c6befe3dd3e415173214f,0,0,0,0,0,0,0,0,0,0,0,0,0,0,0,0,0,0,0,0,0,0,0,0,0,0,0,0,0,0,0,0,0,0,1261,0,0,0,0,0
4c1e67af17111fbd4dd91e19a7d767043d7278d5,0,0,0,0,0,0,0,0,0,0,0,0,0,0,0,0,0,0,0,0,0,452,0,0,0,0,0,0,0,0,0,0,0,0,0,0,0,784,0,0
67864d7e3bd041b35cee58694df259793ab7e885,0,0,0,0,0,0,0,0,0,0,0,0,0,0,0,0,0,0,0,856,0,0,0,0,0,0,0,0,0,0,0,0,0,0,0,0,374,0,0,0
a14487a1d09933b147eb574a921b34b37d0b5fae,0,0,0,0,0,0,0,0,0,0,0,0,0,0,0,0,0,0,0,0,0,0,0,0,398,0,790,0,0,0,0,0,0,0,0,0,0,0,0,0
6dd8f3dbd01869b9e785ee36f699a8439be33325,0,0,0,0,0,0,1203,0,0,0,0,0,0,0,0,0,0,0,0,0,0,0,0,0,0,0,0,0,0,0,0,0,0,0,0,0,0,0,0,0
c3ac3b81391bfca3afe2862c7066c8be0f60b3df,0,0,0,0,0,148,0,0,0,0,0,0,0,0,0,382,0,0,0,0,0,0,0,0,0,0,246,0,0,0,0,0,0,0,0,89,0,0,0,0
0b88c51a891f55831e8d7ccc226ed179dfa79a0b,0,0,0,0,0,0,0,0,0,0,0,0,0,0,0,0,0,0,0,0,0,0,0,0,0,0,1180,0,0,0,0,0,0,0,0,0,0,0,0,0
70ed3a08b88039ed286b863d69fa3cc5b7d2fd81,0,0,0,0,0,0,0,0,266,0,0,0,0,0,0,0,0,0,0,0,0,0,0,0,515,0,132,0,0,176,0,0,0,0,0,0,0,0,0,0
bb1887b8559db0b1cfc9b736db9929263a8b5ed4,0,0,0,0,0,0,0,237,290,0,0,0,0,0,0,0,0,0,62,0,0,0,0,0,231,0,0,0,0,0,0,0,0,0,0,0,0,0,91,54
9b0f8ceae2e835f5c9924abdc5379b1e06fc5a78,0,50,0,0,0,0,0,0,585,0,0,0,0,0,49,0,0,0,0,0,0,0,0,0,286,0,0,0,0,0,0,0,0,0,0,0,0,0,0,0
fb91e8e2b4033aaad1a104bc6e25b208d149679d,0,0,0,0,0,0,0,0,0,0,0,0,0,0,0,0,0,0,0,0,0,0,0,0,0,0,0,252,0,0,0,0,0,869,0,0,0,0,0,0
6fa2ddc47b89783c2d883561dce85c0bb4ba7593,0,0,0,0,0,0,0,902,0,0,0,0,0,0,0,0,0,0,0,0,240,0,0,0,0,0,0,0,0,0,0,0,0,0,0,0,0,0,0,0
497eae16c121c5ef1c64cb9c9e2513906f1fa5b3,0,0,0,0,0,0,0,1141,0,0,0,0,0,0,0,0,0,0,0,0,0,0,0,0,0,0,0,0,0,0,0,0,0,0,0,0,0,0,0,0
350d3b9fa2d186a1609e3903b0cfb3f4c6fea459,0,107,0,0,0,0,0,0,0,0,0,0,0,0,0,0,0,0,0,0,0,0,0,0,0,0,634,0,0,223,0,0,0,0,0,0,0,0,0,0
819f3bd83b6ce2fb70a9be0d12a17e66b5094e76,0,0,0,0,0,0,0,0,401,0,0,0,0,0,229,136,0,0,0,0,0,0,0,0,84,0,0,0,0,0,0,0,0,0,0,0,0,0,0,0
7314886e8b9c06aac05e03cef84fe53bc217e84e,0,0,0,0,0,0,0,0,0,0,0,0,0,0,0,0,0,0,0,0,0,145,0,163,0,0,0,0,0,0,0,273,0,0,0,0,0,435,0,0
dfa11e747f49dc8e4f890dffbedeb5f41b6d5cf1,0,0,0,0,0,0,0,0,638,0,0,0,0,0,0,0,0,0,0,0,0,0,0,0,401,0,0,0,0,0,0,0,0,0,0,0,0,0,0,0
e64b7b8b5a6d6e3883fc0e01dae61cb4b90826db,0,0,0,0,0,0,0,0,0,0,0,0,0,0,0,0,0,0,0,0,0,0,0,0,0,0,271,0,0,814,0,0,0,0,0,0,0,0,0,0
1f19986d7a1b67c3e8961dc5829e90f6cf2a9312,0,0,0,0,0,0,0,0,0,0,0,0,0,0,0,0,0,0,0,0,0,0,0,0,0,0,0,0,0,0,0,0,1088,0,0,0,0,0,0,0
54fef224917ab9b96dd6be65a5cabaf9d3d2d63d,0,0,0,0,0,0,0,0,0,0,0,0,0,0,0,0,0,0,0,0,0,0,0,0,0,0,0,0,0,171,0,0,0,0,0,920,0,0,0,0
692fa492c73b0fa00173bb0d13003f3558333988,0,0,0,0,0,303,0,0,0,0,0,0,0,0,0,0,0,0,0,0,0,0,0,0,0,0,692,0,0,0,0,0,0,0,0,0,0,0,0,0
83a0cea1315bd22a567ce3cbe17ca0c6a2146b53,0,0,0,0,0,0,0,0,0,0,0,0,0,0,0,0,0,0,0,0,0,0,0,0,0,0,593,0,0,0,0,0,0,0,0,0,133,0,175,0
40ebfd54487f1cdd29bf81cd9896366a1f659ef5,0,51,0,0,129,0,199,0,0,126,0,0,0,0,0,0,0,0,0,0,0,0,0,0,0,0,0,0,71,0,0,0,0,0,0,0,0,0,0,0
0bfb8dd941b27a427213f2333ad9537a0840a905,0,0,0,126,0,0,0,0,0,0,0,0,0,0,0,0,0,182,33,0,0,0,0,0,0,0,0,0,0,0,0,0,0,0,0,0,0,62,0,58
a628e1a1c6d41de1146b7c096f07b340abb79383,0,0,0,0,0,0,0,0,0,0,0,0,0,0,1047,0,0,0,0,0,0,0,0,0,0,0,0,0,0,0,0,0,0,0,0,0,0,0,0,0
fd58bfbf5f1bc8caa6d969e3a2310d06ddcaffb3,0,0,0,0,387,0,0,0,0,0,0,0,0,0,0,0,0,0,0,0,0,0,0,0,0,0,109,0,0,0,0,0,0,0,0,129,0,0,104,0
2e9400c1b6e624f89e05cd21871bd327b27046d4,0,0,0,0,140,0,164,0,0,0,0,0,0,0,0,0,0,0,0,0,0,0,0,0,0,0,0,0,638,0,0,0,0,0,0,0,0,0,0,0
ad9a8cef5e105d4b8cff5d004816de2aee2f9f90,0,0,0,0,0,0,0,1055,0,0,0,0,0,0,0,0,0,0,0,0,0,0,0,0,0,0,0,0,0,0,0,0,0,0,0,0,0,0,0,0
482cd9dc1a91395392725e851a49d9b6df225ebe,0,0,0,0,0,0,0,0,0,0,0,0,0,0,0,0,0,0,0,0,0,0,0,0,0,0,0,0,0,0,0,0,0,0,0,0,0,0,857,0
11462076e6941c05533eb046645673597b954262,0,0,0,0,0,0,0,0,0,0,0,0,0,0,0,0,0,0,0,0,0,0,0,0,0,0,225,0,0,296,0,0,0,0,0,393,0,0,0,0
dd8e2d32c4abb445399a93395823fbdf11340dae,0,0,0,0,0,0,0,0,0,0,0,0,0,0,0,0,0,0,0,0,0,0,0,0,0,0,0,0,0,0,0,0,0,0,997,0,0,0,0,0
610c1404b07739991cdbf974928916a4e8d18a1b,0,0,0,0,0,0,1001,0,0,0,0,0,0,0,0,0,0,0,0,0,0,0,0,0,0,0,0,0,0,0,0,0,0,0,0,0,0,0,0,0
e1d92083c91006d01482a54aec08f89f675c3b4d,0,0,0,0,0,0,0,0,0,0,0,0,0,0,0,0,0,0,0,0,0,0,0,0,0,0,0,970,0,0,0,0,0,0,0,0,0,0,0,0
e89d53e92d5c7304b770b4a2a457c791c353c46d,0,0,0,0,0,0,0,0,0,0,0,0,0,0,0,0,0,0,0,0,0,0,0,0,0,167,247,0,0,0,0,0,0,0,0,0,511,0,0,0
276659a4021543d384655335cd37f99427fa77e5,0,0,0,249,0,556,0,0,0,0,0,0,0,0,0,0,0,0,0,0,0,0,0,0,0,0,0,0,0,0,0,0,0,0,0,0,0,0,0,0
e900eeec6757b649faaed100492906bc64998312,0,0,0,0,0,0,0,0,0,0,0,0,260,0,403,0,0,0,0,0,0,0,0,0,0,0,0,0,0,0,0,0,0,0,0,0,0,0,0,0
c723add6d1f16a5e9b8db663e7cc86de41c30970,0,0,0,0,422,0,0,0,0,0,0,0,0,0,0,0,0,0,0,0,0,0,0,0,0,0,0,0,0,0,0,0,0,532,0,0,0,0,0,0
b3a6d5286748beb714d727280f62abdf10fdb78e,0,0,0,0,0,0,0,0,0,0,0,0,810,0,0,0,0,0,0,0,0,0,0,0,0,0,0,0,0,0,0,0,0,0,0,0,0,0,0,0
d23416f821cb6b50180fd606b7904e6b2aebda72,0,0,0,0,0,0,0,0,0,0,0,0,0,931,0,0,0,0,0,0,0,0,0,0,0,0,0,0,0,0,0,0,0,0,0,0,0,0,0,0
691e93c6b5723aa4df0ceb3bd9449ace95a1e439,0,0,0,0,0,0,0,95,279,0,0,0,0,0,78,0,0,0,59,0,0,0,0,0,196,0,0,0,0,0,0,0,0,0,0,0,0,0,123,0
d57877c8ded917eabd8c402a262591ac62156687,0,0,0,0,0,0,0,0,0,0,0,0,0,0,0,0,0,0,42,0,0,0,0,0,0,0,141,0,0,102,0,0,0,0,0,0,125,242,0,0
c5379dfb8039115824d760de241bf7131caa9eb9,0,0,0,0,0,0,0,0,150,0,0,0,0,0,0,0,140,0,0,0,0,0,0,0,0,0,0,0,0,0,0,0,0,0,0,0,0,0,0,0
a9612b23b9a324eef749b0d14d3da8bb385c9941,0,0,0,0,0,0,0,0,0,0,0,0,0,0,0,0,0,0,0,0,0,876,0,0,0,0,0,0,0,0,0,0,0,0,0,0,0,0,0,0
5c4521da7efda4280bcd0cc1335d63c7dced58d6,0,0,0,0,0,618,0,0,0,0,0,0,0,0,0,0,0,0,0,0,0,0,0,0,0,0,108,0,0,163,0,0,0,0,0,0,0,0,0,0
df26066e37fac1c9bdf561de156af9497e432b13,0,0,0,0,0,0,0,0,199,0,0,0,0,0,0,0,0,0,51,0,0,0,0,0,81,0,275,0,0,0,0,0,0,0,0,0,0,0,0,0
c25199501d3251bc8ec57d573eae054f775faea3,0,0,0,0,0,0,0,0,0,0,0,0,0,0,0,0,0,0,892,0,0,0,0,0,0,0,0,0,0,0,0,0,0,0,0,0,0,0,0,0
9ffd6e87c85a74851e66ef914c00e746216a8031,0,0,0,0,0,0,577,0,0,0,0,0,0,162,0,0,0,0,0,0,0,0,0,0,0,0,0,0,124,0,0,0,0,0,0,0,0,0,0,0
658763eddf82fa9c2ca30fa3cdd963fffda62445,0,0,0,0,0,0,0,0,0,0,0,0,0,0,0,0,0,0,0,0,0,0,0,0,0,117,0,0,0,0,0,252,0,0,474,0,0,0,0,0
0b5d78655a49b13621e0664bacfdfa3d0a936a1f,0,229,0,0,0,0,0,0,0,190,234,0,0,0,0,0,0,0,0,0,0,0,0,0,0,0,0,0,0,0,0,0,0,0,0,0,0,0,0,0
b7664f150f2b5170d1d88d3651b64f5a6876b7dc,0,0,0,0,0,0,0,0,0,0,0,0,0,0,0,0,0,0,0,0,0,0,0,0,0,0,410,0,0,0,0,0,0,0,0,322,0,0,0,0
81fb7e2e827bb8f744251ccb6c8928d97a7ffe4f,0,0,0,0,0,0,0,0,0,0,0,0,0,0,0,0,0,0,0,0,0,0,0,0,116,0,212,0,0,207,0,0,0,0,0,0,0,0,0,0
92abe6bfbf4b7c5be5f2f87fc9ab227f19c2d982,0,0,0,0,0,0,0,0,0,0,0,0,0,0,0,0,0,0,0,0,0,0,0,0,0,732,0,0,0,97,0,0,0,0,0,0,0,0,0,0
7eeaeb0aa0395bd08d1d71258d4ef74ca34f8de2,0,0,729,0,0,0,0,0,0,0,0,0,0,0,0,0,110,0,0,0,0,0,0,0,0,0,0,0,0,0,0,0,0,0,0,0,0,0,0,0
ae76cde7972222277cc68ec4144562a8624a08cf,0,0,0,0,0,0,0,0,0,0,0,0,0,0,0,0,278,0,0,0,0,0,0,321,0,0,0,0,98,0,0,0,0,0,0,0,0,0,0,0
bf111fc45417b161754b40fd1047695e79080bbb,0,0,0,0,136,0,0,0,0,0,0,0,0,137,0,0,0,0,0,0,0,0,0,0,0,0,0,0,131,0,0,0,0,0,0,0,0,0,0,0
fe026ae30146c850beaca8e4a2629f62a4b60d3d,0,0,0,0,0,0,0,158,0,0,280,0,0,0,0,0,0,0,0,0,0,0,0,0,0,0,0,0,0,0,0,0,0,0,0,0,0,0,0,0
860f12258f04e473668ad4642987a54c8f9ba616,0,0,0,0,0,0,0,0,0,0,0,0,0,0,0,0,0,0,0,0,0,0,0,0,0,0,107,0,228,0,0,0,0,0,0,0,0,0,0,34
afdf85fd1fcdfab7b4a928b8f2199fa64d06c40a,0,0,0,0,0,0,0,0,0,0,0,0,0,0,0,0,0,0,0,0,96,0,0,0,0,0,0,0,585,0,0,0,0,0,0,0,0,0,0,0
499cc839023dacaa72ba16325ce14235c8105b81,0,0,0,0,0,0,0,0,0,0,0,0,0,0,0,0,0,0,0,0,0,0,0,0,0,0,0,0,0,0,0,0,0,0,0,0,0,766,0,0
0f491263816adbe57751a9e8d61c4074275ec7f9,0,0,0,0,0,0,0,0,0,0,0,0,0,0,0,0,775,0,0,0,0,0,0,0,0,0,0,0,0,0,0,0,0,0,0,0,0,0,0,0
38655baaa1f7d61f7931bc70186f9abdad122c8d,0,195,179,0,0,0,0,0,0,0,172,0,0,0,0,0,0,0,0,0,0,0,0,0,0,0,0,0,0,0,0,0,0,0,0,0,0,0,0,0
997f6fc1fcd9dc155e1086d8cc2190e30225b073,0,0,0,0,113,0,0,0,0,0,0,0,0,0,0,0,0,0,0,0,0,0,0,0,0,0,0,0,0,0,0,0,0,455,0,0,0,0,0,0
75dfee73533165a4dc2f8b21892d551bcfb4be85,0,79,0,0,0,0,0,0,0,0,0,0,0,0,0,0,80,0,48,0,0,0,0,0,0,0,0,0,0,0,0,0,0,0,0,0,0,60,0,36
6d2930ca036e0b8370301581229edf0063de6b06,0,0,0,0,0,0,0,0,0,0,0,0,0,0,0,0,0,0,0,0,0,0,0,0,0,0,0,0,511,0,0,0,110,0,0,0,0,0,0,0
389683af0e0e0fa1df7659784471c8fa57c55e8a,0,0,0,0,0,0,0,0,0,0,0,0,0,226,0,0,0,500,0,0,0,0,0,0,0,0,0,0,0,0,0,0,0,0,0,0,0,0,0,0
f509ab5b5f0f37ff22bfdcb2d40ae32059a9c9bc,0,0,0,0,0,0,0,0,0,0,0,725,0,0,0,0,0,0,0,0,0,0,0,0,0,0,0,0,0,0,0,0,0,0,0,0,0,0,0,0
8f1a9c5ae62ecca3e2bd668125eef88413051b37,0,0,0,0,0,0,0,0,0,0,0,0,0,0,0,0,0,0,0,604,0,0,0,0,0,0,0,0,0,0,0,0,0,0,0,0,0,0,0,0
f77b3f251cab114b140e9fbdc7e3ee9beba0132f,0,0,0,0,0,0,0,0,0,0,0,0,0,0,0,0,0,0,0,0,0,0,0,0,0,0,0,0,312,0,0,0,0,0,0,0,0,0,0,0
361d5fd512b013e663170f3994a7287fa2b9d8b3,0,0,0,0,0,0,0,0,0,0,0,0,0,0,0,0,0,0,0,0,0,638,0,0,0,0,0,0,0,0,0,0,0,0,0,0,0,0,0,0
b849281fba922e704328f958b0d1a5e871ef9449,0,0,0,0,0,0,0,0,0,0,0,0,0,0,0,0,0,0,0,0,0,0,0,0,0,0,0,0,0,0,0,0,0,0,431,0,0,0,181,0
425c7ba80e82ba44ca5817191ecc5384c182cb62,0,0,0,0,0,0,0,0,0,0,0,0,0,0,0,0,0,0,0,0,0,0,0,0,328,0,360,0,0,0,0,0,0,0,0,0,0,0,0,0
1786d0bf2fb6ca68e1f992106b433fc7ea980d4d,0,0,0,0,0,0,0,0,0,0,0,0,0,0,0,0,0,0,0,0,0,0,0,0,0,0,0,0,0,0,0,0,710,0,0,0,0,0,0,0
3366c3f7d10127fc9ce08ef2ce525382af43670b,0,0,0,0,0,0,0,0,0,0,0,0,0,706,0,0,0,0,0,0,0,0,0,0,0,0,0,0,0,0,0,0,0,0,0,0,0,0,0,0
b34891e72b5fff998bd441544eeff5b1f81e59e2,0,0,0,463,0,0,0,0,0,0,0,0,0,0,0,0,0,0,0,0,0,0,0,0,0,0,0,0,0,0,0,0,0,0,0,0,0,0,0,0
92a50b990ce63a09c1808326b045273bfbe3a10b,0,0,0,235,0,0,0,0,0,0,0,0,0,0,0,0,0,0,0,0,0,0,0,0,96,226,0,0,0,0,0,0,0,0,0,0,0,0,0,0
709fc8be667846ff5db1ff7138ce850e9a363f40,0,0,0,0,0,0,0,0,0,0,0,0,0,0,0,0,0,0,0,0,0,0,0,0,0,573,103,0,0,0,0,0,0,0,0,0,0,0,0,0
36cd12b56e4e7d21379b01ccdbd70e3f1f2d50a0,0,0,0,0,0,628,0,0,0,0,0,0,0,0,0,0,0,0,0,0,0,0,0,0,0,0,0,0,0,0,0,0,0,0,0,0,0,0,0,0
81c6c1df5b325401abe68f67049fef1a6eccd5a8,0,0,0,0,0,0,0,0,0,0,0,0,0,0,0,0,47,0,0,0,0,0,0,0,0,0,154,0,63,150,0,0,0,0,0,0,0,0,0,0
524458eda0227c7be550de4b7134f5f72b446c88,0,0,0,0,0,0,0,0,0,0,0,0,0,0,0,0,0,0,0,0,0,0,0,0,0,0,0,0,0,0,0,0,0,187,0,0,0,0,0,0
f5bc4a9f837aa1e05cf58d9b000eb59604abb1fc,0,0,0,679,0,0,0,0,0,0,0,0,0,0,0,0,0,0,0,0,0,0,0,0,0,0,0,0,0,0,0,0,0,0,0,0,0,0,0,0
294d0a83c02d04c1810355ff058b526ad4f7f991,0,0,0,0,0,224,0,0,0,0,0,0,0,0,0,0,0,0,0,0,0,0,0,0,0,0,0,0,0,201,0,0,0,0,0,0,0,0,0,0
8342d52432e7328794c03575ae8fb1b9c67a830e,0,668,0,0,0,0,0,0,0,0,0,0,0,0,0,0,0,0,0,0,0,0,0,0,0,0,0,0,0,0,0,0,0,0,0,0,0,0,0,0
5a9fa997332f72a966ad1f3d5b531da7ec12b0df,0,0,0,0,0,0,0,0,0,0,0,0,0,0,0,0,0,0,27,0,0,622,0,0,0,0,0,0,0,0,0,0,0,0,0,0,0,0,0,0
b7c6b97596170724999945525deff2d2d6732445,0,0,0,0,0,0,0,0,0,0,0,0,555,0,0,0,0,0,0,0,0,0,0,0,0,0,0,0,0,0,0,0,0,0,0,0,0,0,0,0
954e7d0ca5da902d955fdbc7580b793cc366d735,0,0,0,0,0,0,0,0,0,0,585,0,0,0,0,0,0,0,0,0,0,0,0,0,0,0,0,0,0,0,0,0,0,0,0,0,0,0,0,0
06cf31b2a35d0e226202c32183569760de714818,0,0,0,0,0,0,0,0,0,0,0,0,0,0,0,0,0,0,0,0,0,0,0,0,535,0,108,0,0,0,0,0,0,0,0,0,0,0,0,0
902381a10ab67dc70e0b4198126970ecff892c98,0,0,0,0,0,0,0,0,0,0,0,494,0,0,0,0,0,0,0,0,0,0,0,0,0,0,0,0,0,0,0,0,0,0,0,0,0,0,0,0
962ed857952262aac2f0e87415f924ef98656395,0,0,0,0,0,0,0,0,0,0,164,0,0,0,0,0,0,0,0,0,0,0,0,0,0,0,0,456,0,0,0,0,0,0,0,0,0,0,0,0
b9a177f2ba7ca9e3958011565d17f5975844d7d0,0,0,0,0,0,484,0,0,0,0,0,0,0,0,0,0,0,0,0,0,0,0,0,0,0,0,0,0,0,0,0,0,0,0,0,0,0,0,0,0
db206136d3152c28c82bb4678404b099c9399613,0,0,0,0,0,330,0,0,0,0,0,0,0,0,0,0,0,0,0,0,0,0,0,0,0,0,0,0,0,0,0,0,0,0,0,0,0,0,0,0
4e2fb006895fc4cc3927b1a30d55330abecaa23e,0,0,0,0,0,0,0,144,0,0,0,0,0,0,0,0,0,0,70,0,0,0,0,0,0,0,0,0,0,178,0,52,0,0,0,0,0,0,124,0
1e6b570c51c4bddb96cebb8f9d8afc8932e46ac5,0,0,0,0,0,0,0,0,0,0,0,0,0,0,0,0,0,0,0,0,0,0,0,0,0,0,0,0,0,0,0,0,0,0,0,0,0,623,0,0
ef7aaa00ae6b65d652e83ab86b664cbeefcf3067,0,0,0,0,0,0,486,0,0,0,0,0,0,0,0,0,0,0,0,0,0,0,0,0,0,0,0,0,0,0,0,0,0,0,0,0,0,0,0,0
23be8db15e11798be3d6abe7d4d70d9345cded9b,0,0,0,0,0,171,0,0,0,0,0,0,0,0,0,0,0,0,0,0,0,0,0,0,0,0,0,0,95,0,0,0,0,89,0,0,0,0,0,0
da3a0d0fcb53475624ef4f23d1a2a147f8ce982e,0,0,0,0,0,0,0,0,0,0,0,0,0,0,0,0,0,0,0,0,0,0,0,0,0,0,327,0,0,207,0,0,0,0,0,0,0,0,0,0
6562c015e45a9aab2eb4bca275a19f2a43725b5f,0,0,159,0,0,0,0,0,0,0,0,0,0,0,0,0,0,0,0,0,0,0,0,0,0,0,0,0,0,0,0,0,0,0,0,0,0,0,0,0
cc2f7858ecbcce41d84ff8f113e86b9c253d7caf,0,0,0,222,0,0,0,0,0,0,0,0,0,0,84,0,0,0,0,0,0,0,0,0,145,0,0,0,0,0,0,0,0,0,0,0,0,0,0,0
8862f89d883864214ea507b650895f04011c5ad6,0,0,0,0,0,0,428,0,0,0,0,0,0,0,0,0,0,0,0,0,0,0,0,0,0,0,0,0,0,0,0,0,0,0,0,0,0,0,0,0
41ac150e005b851ffd9adf216866cad035ab7e59,0,0,0,0,0,0,0,0,0,0,0,0,0,0,192,0,0,0,0,0,0,0,0,0,0,0,127,0,0,0,0,0,0,0,0,0,0,0,0,0
c0f9823c11bbd330634d7cfea7a22c11f2a954c6,0,0,0,0,0,0,0,0,0,0,0,0,0,0,0,0,0,0,0,0,0,0,0,0,139,0,371,0,0,0,0,0,0,0,0,0,0,0,0,0
7d983484b83420be9851ea8fed3aac4844d900d7,0,0,0,133,0,0,0,0,0,0,139,0,0,0,0,0,0,0,0,0,0,0,0,0,0,0,104,0,0,0,0,0,0,0,0,0,0,0,0,0
08122ec8192500939a6d7c9f63e059a65c7bbf60,0,0,0,0,0,0,0,0,0,0,0,0,0,0,0,0,0,0,0,0,0,0,0,0,126,0,461,0,0,0,0,0,0,0,0,0,0,0,0,0
91719ddb15bcd948f97224e89a8e1f0ef4a2a5df,0,0,0,0,0,0,0,0,0,0,0,0,0,0,0,0,0,0,0,0,118,0,0,0,0,0,0,0,0,0,0,0,0,0,0,0,0,363,0,0
97970d17a41612cffa37c5f86e4b0fc1b7a779fd,0,0,0,0,0,0,0,0,0,0,131,0,0,0,0,0,0,0,0,0,0,0,0,0,0,0,0,0,0,0,0,0,0,0,0,0,0,0,0,0
e8922a748378f9cfcd255259de389901dd1d6e1a,0,0,0,0,0,0,0,0,0,0,0,0,0,0,0,0,0,0,0,0,0,0,0,0,0,0,0,0,0,0,0,0,0,0,0,526,0,0,0,0
ea4f40d83e7263ad60dbf4c16026924fd0092c10,0,567,0,0,0,0,0,0,0,0,0,0,0,0,0,0,0,0,0,0,0,0,0,0,0,0,0,0,0,0,0,0,0,0,0,0,0,0,0,0
1d201b0fbc5f7da29943eec05a1b40a05aff329c,0,0,336,0,0,0,0,0,0,0,0,0,0,0,0,0,0,0,0,0,0,0,0,0,0,0,0,0,0,0,0,0,0,0,0,0,0,0,0,0
fb1cef73d12aaa36fc5799135276a958bfd438dd,0,0,0,0,0,0,0,0,0,0,0,0,0,0,0,0,0,0,0,0,449,0,0,0,0,0,0,0,0,0,0,0,0,0,77,0,0,0,0,0
adc24d27f586ba224ac5f5d48bdaf8da78864177,0,0,0,0,0,0,0,0,0,0,293,0,0,0,0,0,0,0,0,0,0,0,0,0,0,0,0,0,0,0,0,0,0,0,0,0,0,0,0,0
caac7401372f6bb5870428b9593b8463e1d0b529,0,0,0,0,0,0,0,0,0,0,0,0,0,0,0,0,0,0,0,0,0,0,0,0,499,0,0,0,0,0,0,0,0,0,0,0,0,0,0,0
e4c4aeb3a783dfc6e3b3448ac29c486522ef04f0,0,0,0,0,0,0,0,0,405,0,0,0,0,0,0,0,0,0,0,0,0,0,0,0,0,0,0,0,0,0,0,0,0,0,0,0,0,0,0,0
b150e42d23222ae85bec2631951716f71105b470,0,0,0,0,0,0,0,0,0,0,349,0,0,0,0,0,0,0,0,0,0,0,0,0,0,0,0,0,0,0,0,0,0,0,0,0,0,0,0,0
f57b5072c49f5050670bf5d9f338d214e9b5a2ce,0,0,0,0,0,0,0,0,0,0,0,0,0,0,0,0,0,0,0,0,0,0,0,0,464,0,0,0,0,0,0,0,0,0,0,0,0,0,0,0
418b4fe2ecab653f5c63e609f4990b9de683722c,0,0,0,0,0,0,0,0,0,0,0,0,0,539,0,0,0,0,0,0,0,0,0,0,0,0,0,0,0,0,0,0,0,0,0,0,0,0,0,0
5c93916d9ca877a0234a21eda2a761172b7ab513,0,0,0,0,0,0,0,0,0,0,0,0,0,0,0,0,0,0,0,0,0,0,0,0,0,0,0,0,0,0,0,0,0,0,0,0,0,497,0,0
4dc3b979236b7a0cc295649d205572ed8d3b1a07,536,0,0,0,0,0,0,0,0,0,0,0,0,0,0,0,0,0,0,0,0,0,0,0,0,0,0,0,0,0,0,0,0,0,0,0,0,0,0,0
7ac860685cb681720d41580cfd342b78f42e9086,0,0,0,0,0,0,0,289,0,0,0,0,0,0,0,0,0,0,90,0,0,0,0,0,0,0,0,0,0,0,0,0,0,0,0,0,0,0,115,0
ff49b090146a34208bb2238875742e34ac7a3761,0,0,0,0,0,0,0,480,0,0,0,0,0,0,0,0,0,0,0,0,0,0,0,0,0,0,0,0,0,0,0,0,0,0,0,0,0,0,0,0
7830427846bc5aa21373f68bd5c632aafed33dd6,0,0,0,0,0,0,0,0,0,0,0,0,0,0,0,0,0,0,0,209,0,0,0,0,0,0,0,0,0,0,0,0,0,0,0,0,291,0,0,0
a42104eefad7b57a67ef320001cf0ce3b6721bd4,0,0,0,0,0,0,0,0,0,0,0,0,0,0,0,0,0,0,0,0,0,0,0,0,0,0,362,0,0,0,0,0,0,0,0,0,0,0,0,0
144527ea408971bf7e22c4e4a47d883375ce14a7,0,0,0,0,0,0,0,0,0,0,0,0,0,0,0,0,0,0,0,0,0,0,0,0,345,0,167,0,0,0,0,0,0,0,0,0,0,0,0,0
0b8cdb847d6d7fdec9b555427edbf13fd30a5e33,0,0,0,0,0,0,0,0,0,0,0,0,0,0,0,0,0,478,0,0,0,0,0,0,0,0,0,0,0,0,0,0,0,0,0,0,0,0,0,0
de31cc2559e5e9c3a3a513cd4ef9bc3f81a0494a,0,0,0,0,0,0,0,0,0,0,0,0,0,0,0,0,0,0,0,0,0,0,0,0,0,0,0,0,0,0,0,0,0,0,0,0,0,491,0,0
76d29238277ffd6eaebf7b4924939a60fe8b30cf,0,0,0,0,0,0,0,0,0,0,0,0,0,0,0,0,0,0,0,0,0,280,0,0,0,0,0,0,0,0,0,0,0,0,0,0,0,0,0,0
c2da24d01c9c03ffca46e2c4ea65e742addb32a1,0,0,0,0,0,139,0,0,0,0,0,0,0,0,0,0,0,0,0,0,0,0,0,0,0,0,155,0,0,0,0,0,0,0,0,0,0,0,0,0
45b571bf2b1c1d6dbd9188a28143ebf630ed2dee,0,0,0,0,0,0,0,0,0,0,0,0,0,0,0,0,0,0,0,0,0,0,0,0,0,0,0,0,0,147,0,0,0,0,0,0,0,0,0,0
a3e19f6ecd4132590e139c1c6b4e5ce400a6ac1a,0,0,0,0,0,0,0,0,0,0,0,0,0,0,0,0,0,0,0,0,0,0,0,0,0,0,203,0,0,230,0,0,0,0,0,0,0,0,0,0
197cb4646d7f1b0a5038aed177ba72f47b51be51,0,72,0,0,0,0,0,0,0,0,219,0,0,0,0,0,0,0,0,0,0,0,0,0,0,0,0,0,0,0,0,0,0,0,0,0,0,0,0,0
2237eb316eaf4264f425c57dcdca452d5c656378,0,0,0,0,0,0,0,0,0,0,0,0,0,0,0,311,0,0,0,0,0,0,0,0,0,0,0,0,68,0,0,0,0,0,0,0,0,0,0,0
d1006a77d2172ad359384f348d58b4f9b6c1b853,0,67,0,0,0,131,0,0,0,0,0,0,0,0,0,0,0,0,0,0,0,0,0,0,0,0,0,0,0,0,0,0,0,0,0,0,0,0,0,0
aa4660f5a299581446980a97cda4c5cd8032ead4,0,0,0,141,0,0,0,0,116,0,0,0,0,0,0,0,0,0,0,0,0,0,0,0,0,0,0,0,0,0,0,0,0,0,0,0,0,0,0,0
a6a95f6bdf205c877f43db2ac2493e5c00237728,0,53,0,0,0,0,0,0,0,0,0,0,0,0,0,0,0,0,0,0,0,0,0,0,0,0,0,0,0,0,0,0,0,0,0,0,0,0,0,0
54514910e740d24623ed70d9cf889163bfde57a1,0,0,0,0,0,0,0,0,0,335,0,0,0,0,0,0,0,0,0,0,0,0,0,0,0,0,0,0,0,0,0,0,0,0,0,0,0,0,0,0
738a4274ff903f2b768e69e7e6689a7eba4e0f07,0,0,0,0,0,248,0,0,0,0,0,0,0,0,0,0,0,0,0,0,0,0,0,0,0,0,0,0,0,0,0,0,109,0,0,0,0,0,0,0
894c4fb92228ffacd713584f32f4f0a2d4e0bc47,0,0,0,0,0,0,0,0,0,0,0,0,0,0,0,0,0,0,0,0,0,0,0,0,0,0,0,0,0,0,0,0,0,0,0,0,0,0,451,0
217b8675bc6244f1d23a5f1ad426493b328d8ca3,0,0,0,0,0,0,0,0,0,0,0,0,0,0,0,0,0,0,0,0,0,0,0,0,0,0,0,0,0,0,0,0,0,429,0,0,0,0,0,0
3e2f01c21c9ffacde7d0cc31a4078d744fd8cf3a,0,0,0,0,0,454,0,0,0,0,0,0,0,0,0,0,0,0,0,0,0,0,0,0,0,0,0,0,0,0,0,0,0,0,0,0,0,0,0,0
1ca6a0c35bb6e51a1c18f7b60c1b5a9d53b582a1,0,0,0,445,0,0,0,0,0,0,0,0,0,0,0,0,0,0,0,0,0,0,0,0,0,0,0,0,0,0,0,0,0,0,0,0,0,0,0,0
17f0a9d3324d2015fce52f43b2dd4c9312e708ac,0,0,0,0,0,0,0,0,422,0,0,0,0,0,0,0,0,0,0,0,0,0,0,0,0,0,0,0,0,0,0,0,0,0,0,0,0,0,0,0
5386c86680ea73bd27d16570a4e16752709fb10d,0,220,0,0,0,0,0,0,0,0,0,0,0,0,0,0,0,0,0,0,0,0,0,0,0,0,0,0,0,0,0,0,0,0,0,0,0,0,0,0
e49cbab106007acbb8365f538bcc854c8f11980b,0,0,0,0,0,0,0,0,0,0,0,0,0,0,0,0,0,0,0,0,0,0,0,0,0,0,0,0,0,0,0,0,0,398,0,0,0,0,0,0
d2972995089ed9a25cf331d022748b0bba74e3d6,0,0,0,0,0,0,0,0,0,0,0,0,0,0,0,0,0,0,0,0,0,0,0,0,0,0,0,0,0,0,0,0,0,355,0,0,0,0,0,0
dbefa230b239ebb7cf95f45f1199c39644394e3b,0,0,0,0,0,0,0,0,0,0,0,0,0,0,0,0,0,0,0,0,0,0,0,0,0,0,0,0,0,98,0,0,0,0,0,0,0,0,94,0
e453f155a53a41406883aa7e3ffa0a3fc3355c40,0,0,0,0,0,0,0,0,0,0,0,0,0,0,0,0,0,0,0,0,0,0,0,0,0,0,426,0,0,0,0,0,0,0,0,0,0,0,0,0
c64e160bb3e5fbae521afa9e5e1f531fb756e0bf,0,0,0,0,0,0,0,0,0,0,0,0,0,0,0,0,0,0,0,0,0,0,0,0,0,0,0,0,348,0,0,0,0,0,0,0,0,0,0,0
1f77533de03a8e235a07bad46923f582d78aa99d,0,0,0,0,0,137,0,0,0,0,0,127,0,0,0,0,0,0,0,0,0,0,0,0,0,0,0,0,150,0,0,0,0,0,0,0,0,0,0,0
5a41a01a0d1b18b0b6207e9ad65861a5d0fa3499,0,0,0,0,0,0,0,111,0,0,0,0,0,0,0,0,0,0,142,0,0,0,0,0,0,0,0,0,0,0,0,0,0,0,0,0,0,0,0,34
a962206207bbff4c1fff687fd8f862c2b0571494,0,0,0,0,0,0,0,0,0,0,0,0,0,0,0,0,64,0,0,0,0,0,0,0,0,0,0,0,0,0,0,0,0,164,0,0,0,0,0,0
d2d1185e7ed2a744354348a37350abb822192f4a,0,0,0,0,0,0,0,127,0,0,0,0,0,0,0,0,0,0,0,0,0,0,0,0,0,0,0,0,0,0,0,0,0,0,0,0,0,0,0,304
d0c2c1ded65de5dadd2c5e3bc715fb8d90607edc,0,0,0,0,0,0,0,0,397,0,0,0,0,0,0,0,0,0,0,0,0,0,0,0,0,0,0,0,0,0,0,0,0,0,0,0,0,0,0,0
be145431e95b5d5f9a81043445616cd7e8777557,0,0,0,0,0,0,0,0,0,0,0,0,335,0,0,0,0,0,0,0,0,0,0,0,0,0,0,0,0,0,0,0,0,0,0,0,0,0,0,0
f5f084e93514ffee446801704aa8ca6d073482d6,0,0,0,0,267,0,0,0,0,0,0,0,0,0,0,0,0,0,0,0,0,0,0,0,0,0,0,0,0,0,0,0,0,0,0,0,0,0,0,0
116ec00dfa4e0a708df529020935875931f5f57b,0,0,0,0,0,0,0,0,0,0,0,0,0,0,0,0,0,0,0,0,0,0,0,0,0,0,0,0,0,0,0,0,0,0,0,0,0,0,323,0
434562f84affbb137591082310aafb0f8b71ffcf,0,0,0,0,128,0,0,0,0,0,0,0,0,0,0,0,0,0,0,0,0,0,0,0,0,0,0,0,0,0,0,0,0,0,0,0,0,0,0,0
1fdebebebe29b58f4c1a5353a7a35dbfaa7596ca,0,0,0,0,0,0,0,0,0,0,0,0,0,0,0,0,0,0,0,0,0,0,0,0,0,0,0,0,416,0,0,0,0,0,0,0,0,0,0,0
5d9d997a23df6a47c46692a5870f7a9f68f5af4f,0,0,0,0,0,0,0,0,123,0,0,0,0,0,0,0,0,0,0,0,0,0,0,0,0,0,0,0,0,0,0,0,0,0,0,0,0,0,0,0
07f243ec8aa0bfd9cd54fd25ae9ebdabbc52276b,0,0,0,0,0,0,0,0,0,244,0,0,0,0,0,0,0,0,0,0,0,0,0,0,0,0,0,0,0,0,0,0,0,0,0,0,0,0,0,0
8ca2ac1279a0095401c0088305a4a0484f41694a,0,0,0,0,0,0,394,0,0,0,0,0,0,0,0,0,0,0,0,0,0,0,0,0,0,0,0,0,0,0,0,0,0,0,0,0,0,0,0,0
b7bf4eb45c4961cb55223cc742f848262b43c48e,0,0,0,0,0,0,0,0,0,0,0,0,0,0,0,0,0,0,0,0,0,0,0,0,0,0,0,0,0,0,0,0,406,0,0,0,0,0,0,0
4b78939f12b10c26265855743cfda3aa15d4eddb,0,0,0,0,0,0,0,0,0,0,0,0,0,0,0,0,0,0,0,0,0,0,0,0,0,0,0,0,0,0,173,0,0,0,0,0,0,0,0,0
b64328e2eeb7f32582feac638f074f3eda035d82,0,0,0,0,0,0,0,0,0,0,0,0,0,0,0,0,0,0,0,0,0,0,0,0,0,295,0,0,0,0,0,0,0,0,0,0,0,0,0,0
0e612ab0027cbbba2306e5aee8913ec1be404fd5,0,0,0,0,0,0,0,102,0,0,0,0,0,0,0,0,0,0,203,0,0,0,0,0,0,0,0,0,0,0,0,0,0,0,0,0,0,0,0,0
39e8e363e4fb62c34e0108b0a3e0e3f1e215d126,0,0,0,0,0,0,0,0,0,0,0,0,0,0,0,0,0,0,0,0,0,396,0,0,0,0,0,0,0,0,0,0,0,0,0,0,0,0,0,0
8c001405766e22485a80d47365f9c8c0ba09871d,0,0,0,0,0,0,0,0,368,0,0,0,0,0,0,0,0,0,0,0,0,0,0,0,0,0,0,0,0,0,0,0,0,0,0,0,0,0,0,0
e517eac7f5f156cff4869f56c9a50578af2ddefb,0,0,0,0,0,0,0,0,0,0,0,0,0,0,0,0,0,0,0,0,0,0,0,0,0,0,244,0,0,96,0,0,0,0,0,0,0,0,0,0
976501fb0e92738ae7d68aff377c3e199dd3abac,0,0,0,0,0,0,0,0,0,0,0,0,0,0,0,0,0,0,0,0,0,0,0,0,0,0,0,0,0,0,0,0,0,0,0,354,0,0,0,0
2234d34d20f7f91716664d165a4bbaaa8ec5d153,0,0,0,0,0,0,0,0,0,0,0,0,0,0,0,0,0,0,0,0,0,0,0,0,0,0,0,0,0,0,0,0,0,0,0,223,0,0,0,0
70a7da035d78d75f0136e8d665443a843af2c84c,0,0,0,0,0,0,0,0,0,0,0,0,0,0,0,0,0,0,0,0,0,0,0,0,0,0,0,0,0,219,0,0,0,0,0,89,0,0,0,0
ac72c325d57607a977ce1d1deb9cba7f9148b82e,0,0,0,0,0,0,0,0,0,0,0,0,0,356,0,0,0,0,0,0,0,0,0,0,0,0,0,0,0,0,0,0,0,0,0,0,0,0,0,0
4c61161b07e689e4ec408e382f1d222c9bf9da58,0,0,0,0,0,0,0,123,0,0,0,0,0,0,0,0,0,0,0,0,0,0,0,0,0,0,0,0,0,0,0,262,0,0,0,0,0,0,0,0
36a51c0774f89db44aaba1360e691f52454a40b9,0,0,0,0,0,0,0,0,0,0,0,0,0,0,0,0,0,0,0,0,0,0,0,0,0,0,0,0,0,152,0,0,0,0,0,0,0,0,92,0
c4b67629a410c325f2978315b63fe0ec2918baf0,0,0,0,0,0,0,0,152,0,0,0,0,0,0,0,0,0,0,0,0,0,0,0,0,0,0,0,0,0,0,0,0,0,0,0,0,0,0,193,34
f92427d2d653934577b6de53d9a9e76b996faefc,0,0,0,0,0,0,0,0,0,342,0,0,0,0,0,0,0,0,0,0,0,0,0,0,0,0,0,0,0,0,0,0,0,0,0,0,0,0,0,0
5f0be6b78723c59cbc7c1ca81b2f5aa2fddb0085,0,0,0,0,0,0,0,0,0,0,0,0,0,0,0,0,0,0,0,0,0,0,0,0,0,0,0,0,0,0,0,0,0,0,0,0,0,263,0,0
46ed7bf9c7759ae20e35730edc570398d8ab3c5f,0,0,0,0,0,0,0,340,0,0,0,0,0,0,0,0,0,0,0,0,0,0,0,0,0,0,0,0,0,0,0,0,0,0,0,0,0,0,0,0
f58792f0b49cfece2fad7de211dead1da554c315,0,0,0,0,0,0,0,0,0,0,0,0,0,0,0,0,0,0,0,0,0,0,0,0,86,0,117,0,0,0,0,0,0,0,0,0,0,0,0,0
05daee6fa73389bd83498909bb2bb272ce7a0d4f,0,0,0,0,0,0,0,100,0,0,0,0,0,0,0,0,0,0,0,0,0,0,0,0,0,0,0,0,0,0,0,0,0,0,0,0,0,0,260,0
9779b0213ff9da15d8857defc65959b549873e7d,0,0,0,0,0,0,0,0,0,123,0,0,0,0,208,0,0,0,0,0,0,0,0,0,0,0,0,0,0,0,0,0,0,0,0,0,0,0,0,0
fd333823c61e544d5a4976611bc8871e758bb543,0,0,0,0,0,0,0,0,0,0,0,0,0,0,0,0,0,0,0,0,0,353,0,0,0,0,0,0,0,0,0,0,0,0,0,0,0,0,0,0
fce6e8b50a094e24a893182495b231cec125633c,0,0,0,0,0,0,0,0,0,0,0,0,0,0,0,0,0,0,0,0,0,0,0,0,368,0,0,0,0,0,0,0,0,0,0,0,0,0,0,0
7f95f0ad1d57f3f8244a91627028ab1626ff547e,0,0,0,0,0,0,0,0,0,0,0,0,0,0,0,0,0,0,0,0,0,0,0,0,0,0,0,0,0,0,0,0,0,0,0,0,0,368,0,0
914fbd7fd8ac1294249f37c38eabbde819e40e58,0,0,367,0,0,0,0,0,0,0,0,0,0,0,0,0,0,0,0,0,0,0,0,0,0,0,0,0,0,0,0,0,0,0,0,0,0,0,0,0
11cd00768cc1ad82a67d5cad66d92c0b9ffe3ab9,0,0,0,0,0,0,0,0,0,0,0,0,0,0,0,0,0,0,0,0,0,0,0,0,0,0,0,0,0,0,0,0,0,0,0,0,186,0,99,38
be38174a12f411b2d5ddc35aa4b9b5a8ccc59ce3,0,0,0,0,0,0,0,0,0,0,0,0,0,0,0,0,0,0,0,0,0,0,0,0,0,0,361,0,0,0,0,0,0,0,0,0,0,0,0,0
f2bc9fd69a1666c4eb728d403fb299c4cc95efe6,0,0,0,0,0,0,0,0,0,0,0,0,0,0,0,0,0,0,0,0,0,0,0,0,0,0,203,0,0,0,0,0,0,0,0,0,0,0,0,0
496385660db0d3a3b4ff5ba2944fa713c1ddff89,0,53,0,0,0,0,0,0,0,0,0,0,0,0,0,0,0,0,0,0,0,0,0,0,0,0,0,0,0,0,0,0,0,0,0,0,0,0,0,0
c038649a95977f2de85ab5f8e0f81ca08d8c04ec,0,0,0,0,0,0,0,162,0,0,0,0,0,0,0,0,0,0,0,0,0,0,0,0,0,0,0,0,0,0,0,0,0,0,0,0,0,73,0,0
9e66824e1c627865392a13a64593667e5eecf375,0,0,0,0,0,0,0,0,0,0,0,0,0,0,0,0,0,0,0,0,0,0,0,0,0,0,0,0,0,0,0,0,0,0,0,0,0,0,0,46
534d73479f20597a2ae1b3deaacf099328b960ab,0,0,0,0,0,0,0,0,84,0,0,0,0,0,0,0,0,0,0,80,0,0,0,0,0,0,0,0,0,0,0,0,0,0,0,0,0,0,0,0
b3a72fb7b5b5560c98c85f464d0296bd2a749127,0,0,0,0,0,0,0,0,0,0,0,0,0,0,0,0,0,0,0,0,0,0,0,0,0,0,0,0,0,0,0,0,0,352,0,0,0,0,0,0
744f961ddb4233acdcd8b220ea1bf2ee4174cc3a,0,0,0,142,0,0,0,0,0,0,0,0,0,0,0,0,0,0,0,0,0,0,0,0,0,0,0,0,0,0,0,0,0,0,0,0,0,0,0,0
89fb90e5f044f85e0173f733e5ad800d90785787,0,0,0,0,0,0,0,0,0,0,0,0,0,0,0,0,0,0,0,0,0,0,0,0,0,0,0,0,0,323,0,0,0,0,0,0,0,0,0,0
a2aa7c1cb5bee8383722b95f0e375b5182a61f58,0,0,0,0,0,0,0,0,0,0,0,0,0,0,293,0,0,0,0,0,0,0,0,0,0,0,0,0,0,0,0,0,0,0,0,0,0,0,0,0
03f9a2a767c45faa8198c4b461c9f5f5774b7a10,205,0,0,0,0,0,0,0,0,0,0,0,0,0,0,0,0,0,0,0,0,0,0,0,0,0,0,0,0,0,0,0,0,0,0,0,0,0,0,0
9846ca062fc3dafe7f0fe3aa0fc6fc25e2f3fd63,0,0,0,0,0,0,0,0,340,0,0,0,0,0,0,0,0,0,0,0,0,0,0,0,0,0,0,0,0,0,0,0,0,0,0,0,0,0,0,0
3a0efd0f47976a79f179202b384974cbc7086c0b,0,0,0,0,0,0,0,0,0,0,0,0,0,0,0,0,0,0,0,0,0,0,0,0,0,0,0,0,0,0,306,0,0,0,0,0,0,0,0,0
664987b0fb5874008e274ff3aceb5f6e0f54b8a5,0,0,0,0,0,0,0,0,0,0,0,122,0,0,0,0,0,0,0,0,0,0,0,0,0,0,0,0,0,0,0,0,0,0,0,0,0,0,0,0
f9446485b6a33bb955b7648897c178fb829c4baf,0,0,0,0,0,0,0,0,0,0,0,0,0,0,0,0,0,0,0,0,0,0,0,0,0,0,0,0,0,0,0,0,0,0,0,0,188,143,0,0
361f4b6f7f1afd67d67124083ea95e5ea76d6958,0,0,0,0,0,0,0,0,0,0,0,0,0,0,0,0,0,0,0,0,0,0,0,0,0,0,0,0,0,123,0,0,0,0,0,0,0,0,0,0
f2c351dba47eaf69803940726cd6a98d58f2b4d5,0,0,0,0,0,234,0,0,0,0,0,0,0,0,0,0,0,0,0,0,0,0,0,0,0,0,0,0,0,0,0,0,0,0,0,0,0,0,0,0
7513d251811c825146cc3049434753fbfabd888c,0,198,0,0,0,0,0,0,0,0,0,0,0,0,0,0,0,0,0,0,0,0,0,0,0,0,0,0,0,0,0,0,0,0,0,0,0,0,0,0
98c71ccd82d080133cb66cd4b0f5285018fae5b7,0,0,0,0,0,0,0,0,0,0,0,0,0,0,0,0,0,0,0,0,0,0,0,0,0,0,0,0,0,0,0,116,0,0,0,0,0,72,0,0
15618a8029c5fe03dfae7c87a64d591178812077,0,0,0,0,0,0,0,0,0,0,0,0,0,0,0,0,0,0,0,0,0,0,0,0,0,0,0,0,0,0,0,0,295,0,0,0,0,0,0,0
01b62c98f55b8b38843292941739cc28e852b1b4,0,0,0,0,0,0,0,0,0,0,0,0,0,0,0,0,0,0,0,0,0,0,0,0,0,0,325,0,0,0,0,0,0,0,0,0,0,0,0,0
e0394a8aab27e17eb28f5c8fb410543928c05837,0,0,0,0,0,156,0,0,0,0,0,0,0,0,0,0,0,0,0,0,0,0,0,0,0,0,0,0,0,0,0,0,0,0,0,0,0,0,0,0
3ae4e93505b41a8e65104207c14f766fe7909eae,0,0,0,0,0,0,0,0,0,0,0,0,0,0,0,0,0,0,0,0,0,0,0,0,0,0,303,0,0,0,0,0,0,0,0,0,0,0,0,0
8b2c6c13cfe75f5e4b80bd40bfa55c90c28b33da,0,143,0,0,0,0,0,0,0,0,0,0,0,0,0,0,0,0,0,0,0,0,0,0,0,0,0,0,0,0,0,0,0,0,0,0,0,0,0,0
89ee02942a649e9467d0b12617ff6d162b65906a,0,0,0,0,0,0,0,0,92,0,0,0,0,0,0,0,0,0,0,0,0,0,0,0,0,0,102,0,0,0,0,0,0,0,0,0,0,0,0,0
6fd54ce3404f9d748180d6bafb1e264761753277,0,0,0,0,0,0,0,0,0,0,154,0,0,0,0,0,0,0,0,0,0,0,0,0,0,0,0,0,0,0,0,0,0,0,0,0,0,0,0,0
94ac9c6b87a10eb47853e0f4ca06fb69c7d262fa,0,0,0,0,0,0,0,0,0,0,0,0,0,0,0,0,0,0,0,0,0,0,0,0,0,0,0,0,0,0,192,0,0,98,0,0,0,0,0,0
11fdaa031a5a78543465f3ec0653ed6c9c10a6f1,0,83,0,0,0,0,0,0,0,0,0,0,0,0,0,0,0,0,0,0,0,0,0,0,0,0,0,0,0,0,0,0,0,0,0,0,0,0,0,0
304cfa92e36e225b76c4a209bea515f34364c8d0,0,0,0,0,0,0,0,0,0,0,0,0,0,0,0,0,0,0,0,104,0,0,0,0,0,0,0,0,0,0,0,0,0,0,0,0,0,137,0,0
1b10ec6dcade933cc50a67ee4aa68eb5905bedbb,0,0,0,0,0,0,0,0,0,0,0,0,0,0,0,0,0,0,0,0,0,0,0,0,0,0,100,0,0,0,0,0,0,0,0,0,0,0,0,0
92cd741980a9eaf04fc8134084bb0477987e3766,0,0,0,0,0,0,0,0,0,0,0,0,0,0,0,0,0,0,0,0,0,0,0,0,0,0,0,0,0,0,0,0,0,139,0,0,0,0,0,0
b50310132ca7d7d05c5762dc7852daa7a596d466,0,0,0,0,0,0,0,0,0,0,0,0,0,0,0,0,0,0,0,0,0,0,0,0,0,0,0,0,0,270,0,0,0,0,0,0,0,0,0,0
b8771b689fd10ba19c08990c14441fcaf4f70f2a,0,0,0,0,0,0,0,250,0,0,0,0,0,0,0,0,0,0,0,0,0,0,0,0,0,0,0,0,0,0,0,0,0,0,0,0,0,0,0,0
e86a4f01ca6e829794c1613c64c2fa3d822a1b30,0,0,0,0,0,0,0,0,0,0,0,0,0,0,0,0,0,0,0,0,110,0,194,0,0,0,0,0,0,0,0,0,0,0,0,0,0,0,0,0
0a465792029599a54e1bd61015423ffda0e64bc5,0,0,0,0,0,0,0,0,0,0,0,0,0,0,0,0,0,0,0,0,0,0,0,0,0,0,0,0,0,0,0,0,0,0,0,0,232,0,0,0
1099696dacda38370637d5d4859055f02eb8e509,0,0,146,106,0,0,0,0,0,0,0,0,0,0,0,0,0,0,0,0,0,0,0,0,0,0,0,0,0,0,0,0,0,0,0,0,0,0,0,0
595e8124f45c29bc2090a5727f13abd107defb3d,0,0,0,0,0,0,162,0,0,0,0,0,0,130,0,0,0,0,0,0,0,0,0,0,0,0,0,0,0,0,0,0,0,0,0,0,0,0,0,0
c9f2bcfb2adf0f098cf352aaec19874d06418d63,0,0,0,0,0,0,0,0,0,0,0,0,0,0,0,0,0,0,0,0,0,0,0,0,0,0,0,0,302,0,0,0,0,0,0,0,0,0,0,0
3c937bde06d70258ccb20be34f08482b0fc4ee5a,0,0,0,0,0,0,0,0,0,0,0,0,0,0,0,0,0,0,0,0,0,0,0,0,0,0,0,0,0,186,0,0,0,0,0,0,0,0,0,0
65952fbb0d106bea8251fa63438e55e5f9850133,0,0,0,0,0,0,0,0,0,0,0,0,0,0,0,0,0,0,0,0,0,0,0,0,0,0,0,0,0,0,0,0,0,202,0,0,0,0,0,0
71d6f178b2cf3b861607dcb1f2727b8e0b497021,0,0,0,0,0,0,0,0,0,0,0,0,0,0,0,0,0,280,0,0,0,0,0,0,0,0,0,0,0,0,0,0,0,0,0,0,0,0,0,0
731051b181405f3f30e712094df4c647ee8454d1,0,0,0,0,0,0,0,0,254,0,0,0,0,0,0,0,0,0,0,0,0,0,0,0,0,0,0,0,0,0,0,0,0,0,0,0,0,0,0,0
28c1ca4faaffc3c4e0a0aba4709773535777fb31,0,0,0,0,0,0,0,0,0,0,0,0,0,0,0,0,0,0,0,0,0,0,0,0,0,0,0,0,0,0,0,0,0,0,83,0,0,0,0,0
0bfddd7aad6dbc20004583d70107bf3380b18167,0,0,0,0,0,0,0,0,0,0,0,0,0,0,0,0,0,0,0,0,0,0,0,0,0,0,0,0,0,269,0,0,0,0,0,0,0,0,0,0
0de10d51465a46ba487cb0e3c88e25a427f06696,0,0,0,0,0,0,148,0,0,0,121,0,0,0,0,0,0,0,0,0,0,0,0,0,0,0,0,0,0,0,0,0,0,0,0,0,0,0,0,0
4af8e28547790af166aef93d30f28a5e7de4e4f7,0,0,0,0,0,0,0,0,0,0,0,0,0,0,255,0,0,0,0,0,0,0,0,0,0,0,0,0,0,0,0,0,0,0,0,0,0,0,0,0
38025dec99b08eca4a2688cb6044d959178298d2,0,48,0,0,0,0,0,0,0,0,0,0,0,0,0,0,0,0,0,0,0,0,0,0,0,0,0,0,0,0,0,0,0,0,0,0,0,0,0,0
ac7bcd2d6ebe4de4d5d5244f8ca277c9a13ee9e0,0,0,0,0,0,0,0,0,0,0,0,0,0,0,0,0,0,0,0,0,0,0,0,0,0,0,0,0,0,0,0,0,0,0,0,0,291,0,0,0
f0375ac3fbdc4c71a733d53185e4a8c5c98d2c28,0,0,0,0,0,0,0,279,0,0,0,0,0,0,0,0,0,0,0,0,0,0,0,0,0,0,0,0,0,0,0,0,0,0,0,0,0,0,0,0
fd92398a368314f6189d75432fd444b42c6f6f75,0,0,0,0,0,0,0,0,0,0,0,0,0,0,0,0,0,0,0,277,0,0,0,0,0,0,0,0,0,0,0,0,0,0,0,0,0,0,0,0
be0a83317f46e43a2f52b81e389de0074569d45b,0,0,0,0,250,0,0,0,0,0,0,0,0,0,0,0,0,0,0,0,0,0,0,0,0,0,0,0,0,0,0,0,0,0,0,0,0,0,0,0
c13b9ad5b059bbd1b123d138862c6f27c7ddc8d1,0,0,0,0,0,0,0,0,0,0,0,0,0,0,0,0,0,0,0,0,0,0,0,0,0,0,0,0,0,198,0,0,0,0,0,0,0,0,0,0
d315771eb72984fc7613f4a45d4e27ba9988dd1b,0,0,0,0,0,0,286,0,0,0,0,0,0,0,0,0,0,0,0,0,0,0,0,0,0,0,0,0,0,0,0,0,0,0,0,0,0,0,0,0
7340145e19dd82a04e5f6843b7e3b49d6e76cf81,0,0,0,0,0,0,0,0,91,0,0,0,0,0,0,0,0,0,0,0,0,0,0,0,0,0,0,0,0,0,0,0,0,0,0,0,0,0,0,0
8650ed3b377583a3388bb73c2899bad7d0000880,0,0,0,0,0,0,0,123,0,0,0,0,0,0,0,0,0,0,0,107,0,0,0,0,0,0,0,0,0,0,0,0,0,0,0,0,0,0,0,43
ce0802b18e5292debc339ecbbd92089935b567b7,0,0,0,0,0,0,0,0,0,0,0,0,0,0,0,0,0,0,0,0,0,0,0,0,0,0,0,0,0,282,0,0,0,0,0,0,0,0,0,0
6d62cf70469474e5b342ef2d0753234b1ac93461,0,0,0,0,0,0,0,0,0,0,0,0,0,0,0,0,0,0,57,0,0,0,0,0,0,0,0,0,0,0,0,0,0,0,0,0,0,0,171,0
58176673acba6a2ac1da6978816a7cc2fb30b77b,0,0,0,0,0,0,0,0,0,0,0,0,0,0,0,0,0,0,0,0,0,280,0,0,0,0,0,0,0,0,0,0,0,0,0,0,0,0,0,0
7d457b1f565c1b77c6ec38b6ec7487f569b6973a,0,0,0,0,0,220,0,0,0,0,0,0,0,0,0,0,0,0,0,0,0,0,0,0,0,0,0,0,0,0,0,0,0,0,0,0,0,0,0,0
5e46ce82944bf8541c29b8eaa4ff3378dcf20597,0,0,0,0,0,0,0,0,0,0,115,0,0,0,0,0,0,0,0,0,0,0,0,0,0,0,0,0,0,0,147,0,0,0,0,0,0,0,0,0
8228e08d63e3dd04f44684dfd89d16b03eac70d2,0,0,0,0,0,0,0,0,0,0,0,0,0,0,0,0,0,0,0,0,0,0,0,0,0,0,0,0,227,0,0,0,0,0,0,0,0,0,0,0
8c3d06452c04589f5a6ef6c7d1498e372ed0c9d3,0,0,0,0,0,0,0,0,0,0,0,0,0,0,0,0,0,0,0,0,0,0,0,0,0,0,0,0,0,0,0,0,0,0,275,0,0,0,0,0
a50bb24649a17886724f2ea8cf997f58a8ed0364,0,0,0,0,0,0,0,0,0,0,0,0,0,0,0,0,0,0,0,0,0,0,0,0,0,251,0,0,0,0,0,0,0,0,0,0,0,0,0,0
7cd6f3f4f823008699c184f4a56a03ac2e9780e7,0,0,0,0,0,0,0,0,0,220,0,0,0,0,0,0,0,0,0,0,0,0,0,0,0,0,0,0,0,0,0,0,0,0,0,0,0,0,0,0
806383431f820362e2a3039ec32429062e252815,0,0,0,0,0,0,0,0,0,0,224,0,0,0,0,0,0,0,0,0,0,0,0,0,0,0,0,0,0,0,0,0,0,0,0,0,0,0,0,0
de24da17e22484d7722f1325ec6ff9f66162ea24,0,0,0,0,0,0,0,0,0,0,0,174,0,0,0,0,0,0,0,0,0,0,0,0,0,0,0,0,0,0,0,0,0,0,0,0,0,0,0,0
382fc905cae5ee19c18e2f48b2a9db46161e96e1,0,0,0,124,0,0,0,0,0,0,0,0,0,0,0,0,0,0,0,0,0,0,0,0,0,0,0,0,0,0,0,0,0,0,0,0,0,0,0,0
429876c3dfb0dad84517d79687dafb9940f0f625,0,0,0,0,0,0,0,0,0,0,144,0,0,0,0,0,0,0,0,0,0,0,0,0,0,0,0,0,0,0,0,0,0,0,0,0,0,0,0,0
b12be9608da2a901e270b5e4d3a4a09bf84740d5,0,0,0,0,0,0,0,0,0,0,0,0,0,0,0,0,0,0,96,0,0,0,0,0,103,0,0,0,0,0,0,0,0,0,0,0,0,0,0,0
f955c5d7b48a8d4f99150dac8b3310f6e93e35ee,0,0,0,0,0,0,0,0,0,0,0,151,0,0,0,0,0,0,0,0,0,0,0,0,0,0,0,0,0,0,0,0,0,0,0,0,0,0,0,0
e172a4311a2c4bf38b2b57f4216a52f92efe2732,0,0,0,0,0,0,0,0,0,0,0,0,167,0,0,0,0,0,0,0,0,0,0,0,0,0,0,0,0,0,0,0,0,0,0,0,0,0,0,0
0f9c0ea8db8b89db4e6e068fdfb0ce042745c9a3,0,0,0,0,0,0,0,0,0,0,0,0,0,0,0,130,0,0,0,0,0,0,0,0,0,0,0,0,0,0,0,0,0,0,0,0,0,0,0,0
18e7ed3fed0c13764317a63159e8987c32c8f625,0,0,0,0,0,0,0,0,0,0,261,0,0,0,0,0,0,0,0,0,0,0,0,0,0,0,0,0,0,0,0,0,0,0,0,0,0,0,0,0
1d0dea45addc8f09dc7228eb12f2d9a587f511bd,0,0,0,0,0,0,0,0,0,0,0,0,0,0,0,0,0,0,0,0,0,0,0,0,0,0,120,0,0,0,0,0,0,0,0,0,0,0,0,0
d99fc365086eb5283c9e07ef9baaed4c23c61456,0,0,0,0,0,0,0,0,0,0,0,0,0,0,0,0,0,0,0,0,0,0,0,0,0,0,0,0,0,0,0,0,0,259,0,0,0,0,0,0
26689c4a54007fc7a157def8c735582dab8ded7d,0,0,0,0,0,0,0,0,0,0,0,0,0,0,0,0,0,0,0,0,0,0,0,0,0,0,0,0,0,0,0,0,0,0,0,0,0,112,0,0
b0e172562b29c96a5cc98401bb61e164002b6b92,0,0,0,0,0,246,0,0,0,0,0,0,0,0,0,0,0,0,0,0,0,0,0,0,0,0,0,0,0,0,0,0,0,0,0,0,0,0,0,0
c57b96f8fbf21d07e22b579a723ebc276fddf274,0,0,0,0,0,0,0,0,0,0,0,0,0,0,0,0,0,0,0,0,0,0,0,0,0,0,0,0,0,0,0,0,0,0,257,0,0,0,0,0
3ceb0571e5b56349bf0841f342bbb6c3e3eef9dd,0,0,0,0,0,0,0,0,0,0,0,0,0,0,0,0,0,0,0,0,0,0,0,0,0,0,0,0,0,0,0,0,0,0,0,0,0,247,0,0
3ae2bcdde2a9d776ba19444cf1638c8491c26f3d,0,0,0,0,0,0,0,0,0,0,0,0,0,0,0,0,0,0,0,0,0,0,0,0,0,0,0,0,0,0,0,0,198,0,0,0,0,0,0,0
eff5b20bed3b00e1361d069875a2048ad1f91047,0,0,0,0,0,0,0,0,0,0,0,0,0,0,0,0,0,0,0,0,0,0,0,0,0,0,0,0,0,0,0,0,0,0,0,0,0,0,136,0
578ee74bcba99f2a41136cf85c11ea7c5aff8a44,0,0,0,0,0,229,0,0,0,0,0,0,0,0,0,0,0,0,0,0,0,0,0,0,0,0,0,0,0,0,0,0,0,0,0,0,0,0,0,0
e2edde12f2c2a6d79de6d0cd9fee16218dc4ac11,0,0,0,0,0,0,0,0,0,0,0,0,0,0,0,0,0,140,0,0,0,0,0,0,0,0,0,0,0,0,0,0,0,0,0,0,0,0,0,0
fc69c9acbead2e062713db37fd06b92bef2ac2d4,0,0,0,0,0,0,0,0,0,0,0,0,0,0,0,0,0,0,0,0,0,0,0,0,0,0,0,0,0,0,0,95,0,0,0,0,0,0,0,0
5e27f8a3f77a3255034f34a0549d6320524e1315,0,0,0,0,0,0,0,0,0,0,0,0,0,0,0,0,0,0,0,0,0,0,0,0,0,0,0,0,0,112,0,0,0,0,0,0,0,0,0,0
e882f2e5acd074fcbb212b571ebba5f0e262995d,0,0,0,0,0,0,0,0,0,0,243,0,0,0,0,0,0,0,0,0,0,0,0,0,0,0,0,0,0,0,0,0,0,0,0,0,0,0,0,0
eb1dcb206ded77c5c2597a21c11518e1da6d0b56,0,0,0,0,0,0,0,0,0,0,0,0,0,0,0,0,0,0,0,0,0,0,0,0,0,241,0,0,0,0,0,0,0,0,0,0,0,0,0,0
a99c26f1e5a3f5058a06dc8a59ad695d77d608ee,0,0,0,0,0,0,0,0,0,0,0,243,0,0,0,0,0,0,0,0,0,0,0,0,0,0,0,0,0,0,0,0,0,0,0,0,0,0,0,0
8fbd173b28965b678457a7d3a35ae1b5767fd7a7,0,0,0,0,0,0,0,0,182,0,0,0,0,0,0,0,0,0,0,0,0,0,0,0,0,0,0,0,0,0,0,0,0,0,0,0,0,0,0,0
5b5322002c65fb618a22ff23f9e23dc566979f3e,0,0,0,0,0,0,0,0,0,0,0,0,0,0,0,0,0,0,0,0,0,0,0,0,0,0,0,0,0,0,0,0,0,0,0,0,0,214,0,0
6e041ab79f017e8cc10a07a55b77a33ecc835176,0,0,0,0,0,0,0,0,0,0,221,0,0,0,0,0,0,0,0,0,0,0,0,0,0,0,0,0,0,0,0,0,0,0,0,0,0,0,0,0
358bc9d2b8aebfd050f5034226a105458314e1e5,0,0,0,0,0,0,0,0,0,0,0,0,0,0,0,148,0,0,0,0,0,0,0,0,0,0,0,0,0,0,0,0,0,0,0,0,0,0,0,0
f3f6e6fd02065a6ca8ea4d953701ffb8b2cd2758,0,0,0,0,0,0,0,0,0,0,0,239,0,0,0,0,0,0,0,0,0,0,0,0,0,0,0,0,0,0,0,0,0,0,0,0,0,0,0,0
00c1e8c4a684abaf00793a901f273116808c4900,0,0,0,0,0,0,0,0,0,0,0,0,0,0,0,0,0,0,0,0,98,0,0,0,0,0,0,0,0,0,0,0,0,0,0,0,0,0,0,0
f1103409b0b62e0c347055aea50dbfac899670c7,0,0,0,0,0,236,0,0,0,0,0,0,0,0,0,0,0,0,0,0,0,0,0,0,0,0,0,0,0,0,0,0,0,0,0,0,0,0,0,0
325f856a8782d38fe6306e341fe8fa8e22c8aaa1,0,0,0,0,0,0,0,0,0,0,0,0,0,0,0,0,0,0,0,0,0,0,0,0,0,0,0,0,0,0,0,0,0,0,0,0,0,0,0,32
255cb72f9d4685db5e4a952b35c83c01fbe7eb48,0,0,0,0,0,0,0,0,0,0,0,0,0,0,0,0,0,0,0,0,0,0,0,0,0,0,0,0,0,184,0,0,0,0,0,0,0,0,0,0
00c7aabc1bb477a9b9f48b093247df73f9a5f55c,0,0,0,0,0,0,0,96,0,0,0,0,0,0,0,0,0,0,0,0,0,0,0,0,0,0,0,0,0,0,0,0,0,0,0,0,0,0,0,0
946d5164c17d218677d63fd14afd088e9122b2c8,0,0,0,0,0,0,0,0,0,0,0,0,0,0,0,0,0,0,0,0,0,0,0,0,0,0,0,0,229,0,0,0,0,0,0,0,0,0,0,0
c992ead3b7458b73a724a9d94feca854943b799e,0,0,0,0,0,0,0,0,0,0,0,0,0,0,0,0,0,0,0,0,0,0,0,0,0,0,0,0,171,0,0,0,0,0,0,0,0,0,0,0
9b79f232fcfc6d8978be978cc23d937b21cde548,0,0,0,157,0,0,0,0,0,0,0,0,0,0,0,0,0,0,0,0,0,0,0,0,0,0,0,0,0,0,0,0,0,0,0,0,0,0,0,0
70d3034dd534be0f0290cf6b0c8d3fc8d2043c45,0,0,0,0,0,0,0,0,0,0,0,0,0,0,0,0,0,0,0,0,0,0,0,0,0,0,0,0,0,0,0,0,0,171,0,0,0,0,0,0
9084fe14dbd0a68abd275300d6371ff9f64bc29f,0,0,0,0,0,0,0,0,0,0,0,0,0,0,0,0,0,0,0,0,39,0,0,0,0,0,0,0,0,0,0,0,0,0,0,0,0,115,0,0
a5307b7aefe38420f0b14aa0dad477f050d14fab,0,0,0,0,0,0,0,0,0,0,0,0,0,0,0,0,0,0,0,0,0,0,0,0,0,153,0,0,0,0,0,0,0,0,0,0,0,0,0,0
d654cc9cf4a70956c4d03c9a67b31ab7d752a961,0,0,0,0,0,0,0,0,181,0,0,0,0,0,0,0,0,0,0,0,0,0,0,0,0,0,0,0,0,0,0,0,0,0,0,0,0,0,0,0
300d2b522453ed591b4f0ce6214417c2bb1ec0aa,0,0,0,0,0,0,0,0,0,0,0,0,0,0,0,0,0,0,0,0,0,0,0,0,224,0,0,0,0,0,0,0,0,0,0,0,0,0,0,0
a23c011a668963f34464b1f58aad3672f4eeef75,0,0,0,0,0,0,0,0,109,0,0,0,0,0,0,0,0,0,0,0,0,0,0,0,0,0,0,0,0,0,0,0,0,0,0,0,0,0,84,0
3cd62e65689be19ccc83bca330f08158b65057ed,0,0,0,0,0,0,0,0,99,0,0,0,0,0,0,0,0,0,0,0,0,0,0,0,0,0,0,0,0,0,0,0,0,0,0,0,0,0,0,0
936c4dd68d057eaed8902b1a49b89566de188261,0,0,0,0,0,0,0,0,0,0,219,0,0,0,0,0,0,0,0,0,0,0,0,0,0,0,0,0,0,0,0,0,0,0,0,0,0,0,0,0
ce5f45089f9aebc0ff98449cbbd208e882ecc243,0,0,175,0,0,0,0,0,0,0,0,0,0,0,0,0,0,0,0,0,0,0,0,0,0,0,0,0,0,0,0,0,0,0,0,0,0,0,0,0
e27e17386bad0f90454d57c3b39c09c2a4f6d838,0,0,0,0,0,0,0,0,0,0,156,0,0,0,0,0,0,0,0,0,0,0,0,0,0,0,0,0,0,0,0,0,0,0,0,0,0,0,0,0
414fadbfdc94308652e78d300c93ddb95801dd35,0,0,0,0,0,0,0,0,0,0,0,0,0,0,0,0,0,0,0,0,0,0,0,0,120,0,0,0,0,0,0,0,0,0,0,0,0,0,0,0
d6e246426ac04eb97e65f061740b3f466c593ebc,0,112,0,0,0,0,0,0,0,0,0,0,0,0,0,0,0,0,0,0,0,0,0,0,0,0,0,0,0,0,0,0,0,0,0,0,0,0,0,0
96b1b93d2445e93b3e7406a6467232dd44d947c8,0,0,0,0,0,0,0,0,0,0,0,0,0,0,0,0,0,0,0,0,0,0,0,0,0,0,0,0,0,148,0,0,0,0,0,0,0,0,0,0
e2e8166985d4ab48bb9a15922df3ceea57838f54,0,0,0,0,0,0,0,0,0,0,0,0,0,0,0,0,0,0,0,0,0,0,0,0,0,0,161,0,0,0,0,0,0,0,0,0,0,0,0,0
ef47499e998e35f03d34f4e36602041121601649,0,0,0,0,0,0,0,0,0,0,0,0,0,0,0,0,166,0,0,0,0,0,0,0,0,0,0,0,0,0,0,0,0,0,0,0,0,0,0,0
2da9750c66c42ade9b7587a3f03f0be614400331,0,0,0,0,0,163,0,0,0,0,0,0,0,0,0,0,0,0,0,0,0,0,0,0,0,0,0,0,0,0,0,0,0,0,0,0,0,0,0,0
66032a12705a24d13f72d55d27e2eb6603a4042a,0,0,0,0,0,0,0,0,0,0,0,0,0,0,0,0,0,0,0,0,0,0,0,0,0,0,0,0,214,0,0,0,0,0,0,0,0,0,0,0
3a7aaff553b45fca9021040a50bec408f697bc9a,0,0,0,0,0,0,0,0,0,0,0,0,0,0,0,0,0,0,0,0,0,0,0,0,0,0,0,0,0,0,0,0,0,0,0,0,173,0,0,0
503ae32906e01ccae2ba30c864a922f21da3a177,0,0,0,0,0,0,0,0,0,0,0,0,0,0,0,0,0,0,0,0,0,0,0,0,0,0,0,0,0,0,0,0,0,192,0,0,0,0,0,0
8ed7a82d79cda9c7dcd9c03497aa7788126710ec,0,0,0,0,0,0,0,0,0,0,0,0,0,0,0,0,0,0,0,0,0,0,0,0,187,0,0,0,0,0,0,0,0,0,0,0,0,0,0,0
79fc3372979b975f141fec79379c9453e27188eb,0,0,0,0,0,190,0,0,0,0,0,0,0,0,0,0,0,0,0,0,0,0,0,0,0,0,0,0,0,0,0,0,0,0,0,0,0,0,0,0
7aef6dc76d7749db8bfcd7eb0a4daf786674d899,0,0,0,0,0,0,0,0,0,0,125,0,0,0,0,0,0,0,0,0,0,0,0,0,0,0,0,0,0,0,0,0,0,0,0,0,0,0,0,0
253cca54e7f8345b4f977393d1cbab3410d61733,0,0,0,0,0,0,0,0,0,0,0,0,0,0,0,0,0,0,0,0,0,0,0,0,0,0,0,0,0,0,0,0,0,0,0,0,0,76,0,29
ac680fbcd9b30b03e68a53bdc547f76730f31460,0,0,0,0,0,0,0,0,207,0,0,0,0,0,0,0,0,0,0,0,0,0,0,0,0,0,0,0,0,0,0,0,0,0,0,0,0,0,0,0
2bed03913bb9897966e183a7c2e173d647a14db7,0,0,0,0,0,0,0,0,166,0,0,0,0,0,0,0,0,0,0,0,0,0,0,0,0,0,0,0,0,0,0,0,0,0,0,0,0,0,0,0
7be38f4bf2020d5a5320bdfb17f0b47e474bd9b1,0,0,0,0,0,0,0,0,0,0,0,205,0,0,0,0,0,0,0,0,0,0,0,0,0,0,0,0,0,0,0,0,0,0,0,0,0,0,0,0
ef46255d948c6fc915ed5acb56e9df44d576e531,0,0,0,0,0,0,0,0,0,0,0,0,0,0,0,0,0,0,0,0,0,0,0,0,0,0,0,0,0,190,0,0,0,0,0,0,0,0,0,0
c4e68531e8dd7c50dbc0650855646deb0c4e9dc8,0,0,0,0,0,0,0,0,0,0,0,0,0,0,0,0,0,0,0,0,0,0,0,0,0,0,0,0,0,0,0,173,0,0,0,0,0,0,0,0
d86872e7b682da783f5cbefd8bed80e8a0fb2164,0,0,0,0,0,0,0,0,0,0,0,0,0,0,0,0,0,0,0,0,0,0,0,0,0,0,0,0,107,0,0,0,0,0,0,0,0,0,0,0
33623fbde859e60bc7c171a28127f8d897ba909a,0,0,0,0,0,0,0,0,0,0,0,0,0,0,0,0,0,0,0,0,0,0,0,0,0,0,0,0,0,0,0,0,0,0,0,0,0,0,137,0
6c0883c93ecc37f48a8869694ba99cde58519feb,0,0,0,0,0,0,0,0,0,0,0,0,0,0,149,0,0,0,0,0,0,0,0,0,0,0,0,0,0,0,0,0,0,0,0,0,0,0,0,0
016406017124be0e9bb82f9247eb9f39011a3a46,0,0,0,0,0,0,0,0,0,0,0,0,0,0,0,0,0,0,0,0,0,0,0,0,0,196,0,0,0,0,0,0,0,0,0,0,0,0,0,0
50e45a43e2156c8d4f02c33e77bace52adc81d38,0,0,0,0,0,168,0,0,0,0,0,0,0,0,0,0,0,0,0,0,0,0,0,0,0,0,0,0,0,0,0,0,0,0,0,0,0,0,0,0
829581e35928584fd19a9166e070013c8f21992c,0,0,0,0,0,0,0,0,0,0,0,0,0,0,0,0,0,0,0,0,0,0,0,0,0,0,0,0,153,0,0,0,0,0,0,0,0,0,0,0
cd88df35b2e068e44fe94561763293dc28d4d6d4,0,0,0,0,0,0,0,0,0,0,0,0,0,0,0,0,0,0,0,0,0,0,0,0,0,0,0,0,0,0,0,0,0,0,171,0,0,0,0,0
0479e6204f66b1f28ebf72b0c616129c9e0bb793,0,0,0,0,0,0,0,0,0,0,0,0,0,0,0,0,0,0,0,0,0,0,0,0,0,0,0,0,123,0,0,0,0,0,0,0,0,0,0,0
79e6f860b6bc5064e2c287ae22aa9a4d4d4c20ea,0,0,0,0,0,0,167,0,0,0,0,0,0,0,0,0,0,0,0,0,0,0,0,0,0,0,0,0,0,0,0,0,0,0,0,0,0,0,0,0
9e7cd800a9f16c30ec1e7035d5ef30552b69ae2a,0,0,0,0,0,0,0,181,0,0,0,0,0,0,0,0,0,0,0,0,0,0,0,0,0,0,0,0,0,0,0,0,0,0,0,0,0,0,0,0
c7dc0a63a8844764e82d80e4a173f668cc863674,0,0,0,0,0,0,0,0,109,0,0,0,0,0,0,0,0,0,0,0,0,0,0,0,0,0,0,0,0,0,0,0,0,0,0,0,0,0,0,0
5889fd5a960a6700e678a84cd44526bfdbba6922,0,0,0,0,0,0,0,0,0,0,0,188,0,0,0,0,0,0,0,0,0,0,0,0,0,0,0,0,0,0,0,0,0,0,0,0,0,0,0,0
046533c78bcd24e22ed58aca3cfb57ebe900b186,0,0,0,0,0,0,0,0,146,0,0,0,0,0,0,0,0,0,0,0,0,0,0,0,0,0,0,0,0,0,0,0,0,0,0,0,0,0,0,0
5746fce8b55c3548ea5e3f7a85d2bf3297d06b92,0,109,0,0,0,0,0,0,0,0,0,0,0,0,0,0,0,0,0,0,0,0,0,0,0,0,0,0,0,0,0,0,0,0,0,0,0,0,0,0
a9297ab71920dd8a8ec7cd64e329b2abca3e1531,0,0,0,0,0,0,0,0,0,0,0,0,0,0,113,0,0,0,0,0,0,0,0,0,0,0,0,0,0,0,0,0,0,0,0,0,0,0,0,0
f0c58d8067e84b9738a074cfa5c1e92bd7dee085,0,0,0,0,0,0,0,0,0,0,0,0,0,0,0,0,0,0,34,0,0,0,0,0,0,0,0,0,0,0,0,0,0,0,0,0,0,0,118,0
00064316c5c1791d5916f65337594a5daa0202a5,0,0,0,0,0,0,0,0,0,0,0,0,0,0,0,0,0,0,0,0,0,0,0,0,0,0,0,0,0,0,0,0,0,0,0,114,0,0,0,0
6d9b46952a580a778e09a91a4250807cfdc16484,0,0,0,0,0,0,186,0,0,0,0,0,0,0,0,0,0,0,0,0,0,0,0,0,0,0,0,0,0,0,0,0,0,0,0,0,0,0,0,0
75c243ea3382b6614c297b2465238bd2bed7599c,0,0,0,0,0,0,0,0,0,0,0,0,0,0,0,0,0,0,0,0,0,0,0,0,0,0,0,0,0,124,0,0,0,0,0,0,0,0,0,0
dd02246d8181169d6cc473496a5a8c3936eaab3e,0,0,0,0,0,0,142,0,0,0,0,0,0,0,0,0,0,0,0,0,0,0,0,0,0,0,0,0,0,0,0,0,0,0,0,0,0,0,0,0
55a8c77aac43e0a0fb15b9ea9a7eaa6e69572edb,0,0,0,0,0,0,0,0,0,0,0,0,0,0,0,0,0,0,0,0,0,0,0,0,0,0,181,0,0,0,0,0,0,0,0,0,0,0,0,0
37a6628633a6d1eb731a0819c62b2a0f90123516,0,0,0,0,0,0,0,0,0,0,0,0,0,0,0,0,0,0,31,0,0,0,0,0,0,0,0,0,0,0,0,0,0,0,0,0,0,0,0,0
2e0e61b6f0f6b981d14442cf3716a22eba6b017d,0,0,0,0,0,0,183,0,0,0,0,0,0,0,0,0,0,0,0,0,0,0,0,0,0,0,0,0,0,0,0,0,0,0,0,0,0,0,0,0
41d07d7b8008927c459d397449c2ae119bb3cb15,0,0,0,0,0,0,0,0,0,0,0,0,0,0,0,0,0,0,0,0,0,0,0,0,0,0,179,0,0,0,0,0,0,0,0,0,0,0,0,0
fb8976d6bb5be40a9def5e886b86e1cd5fe773fe,0,0,0,0,0,0,0,0,0,0,0,0,0,0,180,0,0,0,0,0,0,0,0,0,0,0,0,0,0,0,0,0,0,0,0,0,0,0,0,0
bc3a69abef423bbd0bca0dfe32a4f5f55dc4df85,0,0,0,0,0,0,0,0,0,0,0,0,0,0,0,0,0,0,0,0,0,0,0,0,0,0,0,0,0,0,0,0,116,0,0,0,0,0,0,0
0d7e6ebae9ae87b8c5c0042679432ff965586c6b,0,0,0,0,0,0,0,0,0,0,0,0,0,0,0,0,0,0,0,0,0,0,0,0,0,0,0,0,0,0,0,0,0,0,0,0,0,172,0,0
c1e2c7ffc6bb6ac7dddc1355ea163a52b822b5a2,0,0,0,0,0,0,0,0,0,0,0,0,0,0,0,0,0,0,0,0,0,0,0,0,0,118,0,0,0,0,0,0,0,0,0,0,0,0,0,0
2ec59364662c2b0a4f055d7e94a37956a305a275,0,0,0,0,0,0,0,0,0,0,0,0,0,0,0,0,0,0,0,0,0,0,0,175,0,0,0,0,0,0,0,0,0,0,0,0,0,0,0,0
50132253a431e3d425aa8610799a30914192bac5,0,0,0,0,0,0,0,0,0,0,0,0,0,0,0,0,0,0,0,0,0,0,0,0,0,0,174,0,0,0,0,0,0,0,0,0,0,0,0,0
1999700bd24c9a055906585020378fb202aa1d86,0,0,0,0,0,0,0,0,0,0,0,0,0,0,0,0,0,0,0,0,0,0,0,0,0,0,0,0,0,0,0,0,0,0,0,0,0,93,0,0
68caf2ff08b17afb5df66c1808001e0ee4ca7a97,0,0,0,0,0,0,0,0,0,0,0,0,0,0,0,0,0,0,0,0,0,0,0,0,0,110,0,0,0,0,0,0,0,0,0,0,0,0,0,0
713209aa6bdc9bb44d56464b57e2e109010852c8,0,0,0,0,0,0,0,0,0,0,0,0,0,0,0,0,0,0,0,0,0,0,0,0,0,0,0,0,172,0,0,0,0,0,0,0,0,0,0,0
96997437f7c21934bbd98d0f3eb076c1ce872748,0,0,0,0,0,0,0,144,0,0,0,0,0,0,0,0,0,0,0,0,0,0,0,0,0,0,0,0,0,0,0,0,0,0,0,0,0,0,0,0
1dc0c5b7ace0ff2ab1f37cc19121091ea8afbae7,0,0,0,0,0,0,0,0,0,119,0,0,0,0,0,0,0,0,0,0,0,0,0,0,0,0,0,0,0,0,0,0,0,0,0,0,0,0,0,0
d80e1b7331e8b923a3465fa0acba98c8441c95e6,0,0,0,0,0,0,0,0,0,0,0,0,0,0,0,0,0,0,0,0,0,0,0,0,0,0,0,0,0,0,0,0,0,0,0,0,0,0,0,155
0a35340fd4d8ff0a78f5641fd6186e2a0fad9cbf,0,48,0,0,0,0,0,0,0,0,0,0,0,0,0,0,0,0,0,0,0,0,0,0,0,0,0,0,0,0,0,0,0,0,0,0,0,0,0,0
425c438f899faf27e79ec139e8fc46c02211f410,0,0,0,0,0,0,0,0,0,0,0,0,0,0,0,0,0,0,0,0,0,0,0,0,0,0,134,0,0,0,0,0,0,0,0,0,0,0,0,0
906ac9df90e34868b32a7934f9a2f40b0e9a0383,0,0,0,0,0,0,0,130,0,0,0,0,0,0,0,0,0,0,0,0,0,0,0,0,0,0,0,0,0,0,0,0,0,0,0,0,0,0,0,0
b54cbf36b5c4b679d1eb58824afaa0f1dbaddb76,0,0,0,0,0,0,0,0,0,0,0,0,0,0,0,0,0,0,0,0,0,0,0,0,0,0,0,0,0,0,0,0,0,0,0,0,0,86,0,0
8e42433f3654d5f672452c0315ec4dcb101acb36,0,0,0,138,0,0,0,0,0,0,0,0,0,0,0,0,0,0,0,0,0,0,0,0,0,0,0,0,0,0,0,0,0,0,0,0,0,0,0,0
24935efe7e9f78647d4f00b75202f3b71a2fbf1b,0,0,0,0,0,0,0,0,0,0,0,0,0,0,0,0,0,0,0,0,0,0,0,0,0,0,0,0,0,0,0,139,0,0,0,0,0,0,0,0
8fe3f279e261a11698581fca6b1f9e7f843e8b7c,0,0,0,165,0,0,0,0,0,0,0,0,0,0,0,0,0,0,0,0,0,0,0,0,0,0,0,0,0,0,0,0,0,0,0,0,0,0,0,0
2c06ce76779c03abdefd17250b6fdb75cb32ebc6,0,0,0,0,165,0,0,0,0,0,0,0,0,0,0,0,0,0,0,0,0,0,0,0,0,0,0,0,0,0,0,0,0,0,0,0,0,0,0,0
60978282953c9ce33ebc28387d9437bd942e9589,0,0,0,0,0,0,0,0,0,0,0,0,0,0,0,0,138,0,0,0,0,0,0,0,0,0,0,0,0,0,0,0,0,0,0,0,0,0,0,0
7717ab88e94f4cfd9c028cc2a1d7586f4e648ab6,0,0,0,0,0,138,0,0,0,0,0,0,0,0,0,0,0,0,0,0,0,0,0,0,0,0,0,0,0,0,0,0,0,0,0,0,0,0,0,0
78a9f60ff695ffb943628dd9347660e669be01aa,0,0,0,0,0,0,122,0,0,0,0,0,0,0,0,0,0,0,0,0,0,0,0,0,0,0,0,0,0,0,0,0,0,0,0,0,0,0,0,0
e73a631fe7fbd769536687b7700eaa2954cfd1f8,0,46,0,0,0,0,0,0,0,0,0,0,0,0,0,0,0,0,0,0,0,0,0,0,0,0,0,0,0,0,0,0,0,0,0,0,0,0,0,0
9f7aa15fad3fe5b35bafe8a2474c4c2426a0baaf,0,0,0,0,0,0,0,0,0,0,0,0,0,0,0,0,0,0,0,0,0,0,0,0,0,0,0,0,0,0,0,141,0,0,0,0,0,0,0,0
0e80ff2b1e3f32f60a028fe808b8ffa8750912fc,0,0,0,0,0,0,0,0,0,0,147,0,0,0,0,0,0,0,0,0,0,0,0,0,0,0,0,0,0,0,0,0,0,0,0,0,0,0,0,0
1da101a41fbaf4c1f0c19d111cbba7ad748ac843,0,0,0,0,0,0,0,0,0,0,0,139,0,0,0,0,0,0,0,0,0,0,0,0,0,0,0,0,0,0,0,0,0,0,0,0,0,0,0,0
699b880c2e9b5fa08a5d1dea7e6d03d02f4c1dd5,0,0,0,0,0,0,0,0,0,0,0,0,0,0,0,0,0,0,0,0,0,0,131,0,0,0,0,0,0,0,0,0,0,0,0,0,0,0,0,0
f3cd2e045f31921ebd10ab81fa38007b010b63c2,0,0,0,0,0,0,0,0,0,0,119,0,0,0,0,0,0,0,0,0,0,0,0,0,0,0,0,0,0,0,0,0,0,0,0,0,0,0,0,0
b5c414bd10a4966e592ff5c6a54980a2107349de,0,0,0,0,0,0,0,0,0,0,0,0,0,0,0,0,0,0,0,0,0,0,0,0,0,0,0,0,0,0,0,0,157,0,0,0,0,0,0,0
ce7ff1b63e9cbe0c6e433cab4ab410e35f49af9f,0,0,0,0,0,0,0,0,0,0,0,0,0,0,0,0,0,0,0,0,80,0,0,0,0,0,0,0,0,0,0,0,0,0,0,0,0,0,0,0
3f3d6a9dade728fda90acfa01d3d0131ee34b058,0,0,0,0,0,0,0,0,0,0,0,0,0,0,0,0,0,0,0,0,0,0,0,0,0,0,0,0,0,0,0,0,0,0,0,0,0,0,149,0
219ec95a474f2b4c5379133ab178528793bbe63e,0,0,0,0,0,0,0,0,0,0,0,0,0,0,0,0,0,0,0,0,0,0,0,0,0,0,0,0,0,114,0,0,0,0,0,0,0,0,0,0
17b0cc03a698fc15fc5d650f9666edf85ad2b4ff,0,0,0,0,0,0,0,0,0,0,131,0,0,0,0,0,0,0,0,0,0,0,0,0,0,0,0,0,0,0,0,0,0,0,0,0,0,0,0,0
dba234f48d30db5496198e52768868d3b3e0e2f1,0,0,0,0,0,0,0,0,0,0,0,0,0,0,0,0,0,0,0,0,0,0,0,0,0,0,0,0,0,148,0,0,0,0,0,0,0,0,0,0
03ef26b8776db0caf5f893881689930663b43c9b,0,0,0,0,0,0,0,121,0,0,0,0,0,0,0,0,0,0,0,0,0,0,0,0,0,0,0,0,0,0,0,0,0,0,0,0,0,0,0,0
092ea42ae1ad4f076625d79a62869adf74ce9c47,0,0,0,0,0,0,0,0,0,0,0,0,0,0,0,0,0,0,0,0,0,0,0,0,0,0,0,0,0,0,0,0,0,0,0,0,0,0,0,150
268014446c991090f1e3f8c13c394b46b1bbe862,0,0,0,0,0,0,0,0,0,0,0,0,0,0,74,0,0,0,0,0,0,0,0,0,0,0,0,0,0,0,0,0,0,0,0,0,0,0,0,0
c26b0ab464bba16641fdb8b617d5a382dad46d16,0,0,0,0,0,0,0,0,0,0,0,0,0,0,0,0,0,0,0,0,0,0,0,0,0,0,0,0,0,0,0,0,0,0,0,0,0,149,0,0
9cb9c4425612c5d1e3c996548e8df5b362acaf14,0,0,0,0,0,0,0,0,0,0,0,0,0,0,0,0,0,0,0,0,0,0,0,0,0,0,0,0,0,0,0,0,0,0,0,0,0,0,141,0
6c000364560bafe32881abf504cd87aea20e42e7,0,0,0,0,0,0,0,0,0,0,0,0,0,0,0,0,0,0,65,0,0,0,0,0,0,0,0,0,0,0,0,0,0,0,0,0,0,0,85,0
0cdbe1bb520c7acbeb30d9c5f017f8728f06f941,0,0,0,0,0,0,0,0,0,0,0,0,0,0,0,0,0,0,0,0,80,0,0,0,0,0,0,0,0,0,0,0,0,0,0,0,0,0,0,0
02846bff6bdcba5c969b25915836b0087d3a1f24,0,0,0,0,0,0,0,0,149,0,0,0,0,0,0,0,0,0,0,0,0,0,0,0,0,0,0,0,0,0,0,0,0,0,0,0,0,0,0,0
179db65e77d8e36e48d9671b412c20be737778df,0,0,0,0,0,0,0,0,0,0,0,0,0,0,0,0,0,0,0,0,0,0,0,0,0,0,0,0,88,0,0,0,0,0,0,0,0,0,0,0
c65260a843abfacb8846fe0e10b642c595be109c,0,0,0,0,0,0,0,0,0,0,0,0,0,0,0,0,0,0,0,0,0,0,0,0,0,0,0,0,70,0,0,0,0,0,0,0,0,0,0,0
b2dee33f85cd0e940800e0ea07e3f9d8484bcde6,0,0,0,0,0,0,0,0,0,0,0,0,0,0,0,0,0,0,0,0,0,0,0,0,0,0,0,0,0,140,0,0,0,0,0,0,0,0,0,0
12e8dc6d592971c6f768d47712152ce770a930a0,0,0,0,0,0,0,0,0,0,0,0,0,0,0,0,0,0,0,0,0,0,0,0,0,0,0,0,0,0,88,0,0,0,0,0,0,0,0,0,0
b9dcdc4d5a86cc214ae8f3557dce2744da143e82,0,0,0,0,0,0,0,0,0,0,0,0,0,0,0,0,0,0,0,0,0,0,0,0,0,0,0,0,0,0,144,0,0,0,0,0,0,0,0,0
04c032be938e4318ff002f76a94ce5bacbe2d7da,0,0,0,0,0,0,0,0,0,0,0,0,0,0,0,0,0,0,0,0,0,0,0,0,0,0,0,0,0,126,0,0,0,0,0,0,0,0,0,0
78c098843d7c427b78a03da4077d9eb7dc45b77e,0,0,0,0,0,0,0,0,0,0,0,0,0,0,0,0,0,0,0,0,0,0,0,0,0,0,0,0,0,91,0,0,0,0,0,0,0,0,0,0
187fe6735d084e80fab4eaeee7947e1d390b7178,0,0,0,0,0,0,0,0,0,0,0,0,0,0,0,0,0,0,0,0,0,0,0,0,0,0,0,0,95,0,0,0,0,0,0,0,0,0,0,0
1e63ba936052261cc4eaff407ad9464087a7368d,0,0,0,0,0,0,0,0,0,0,0,0,0,0,0,0,0,0,0,0,0,0,0,0,0,0,0,0,0,0,0,0,0,0,0,0,0,95,0,0
0b99541e3f3ea9c9e56bda257abb17d46681f5b3,0,0,0,0,0,0,0,0,0,0,0,0,0,0,0,0,0,0,0,0,0,0,0,0,0,0,0,0,87,0,0,0,0,0,0,0,0,0,0,0
2e2260e1257e7969d378ce83ede8a1a40c0ff974,0,0,0,0,0,0,0,0,0,0,0,0,0,0,0,0,0,0,0,0,0,0,0,0,0,0,0,0,0,0,0,0,0,0,0,137,0,0,0,0
4a5c62f9687064bb28e53df968d4ab7aa2baf14d,0,0,0,0,0,0,0,0,0,0,0,0,0,0,0,0,0,0,0,0,0,0,0,0,0,0,137,0,0,0,0,0,0,0,0,0,0,0,0,0
51677a031346cdd04142abce3c75f9657eb91d07,0,0,0,0,0,0,0,0,0,0,0,0,0,0,0,0,0,0,0,0,0,0,0,0,0,0,0,0,0,0,0,0,0,0,0,0,0,0,0,31
7d9520338e98e0abe233e42b267d9c4ba64dc35a,0,0,0,0,0,0,0,0,0,0,0,0,0,0,0,0,0,0,0,0,0,0,0,0,0,0,0,0,0,0,0,0,132,0,0,0,0,0,0,0
8cb56a136afada8b43e9954c94a20d996b302c48,0,0,0,0,0,0,0,0,0,0,0,0,0,123,0,0,0,0,0,0,0,0,0,0,0,0,0,0,0,0,0,0,0,0,0,0,0,0,0,0
f31d8ae1d45c885efb35b3eed0dd66cf320b5ccf,0,0,0,0,0,133,0,0,0,0,0,0,0,0,0,0,0,0,0,0,0,0,0,0,0,0,0,0,0,0,0,0,0,0,0,0,0,0,0,0
5d5d4013853e9d1cdfbb5ab8d72148cee4d61ef8,0,0,0,0,0,129,0,0,0,0,0,0,0,0,0,0,0,0,0,0,0,0,0,0,0,0,0,0,0,0,0,0,0,0,0,0,0,0,0,0
66ac3f5fb2c9a8dc181bcf548cf5b9a9956422e8,0,0,0,0,0,0,0,0,0,0,0,0,0,0,0,0,0,0,0,0,0,0,119,0,0,0,0,0,0,0,0,0,0,0,0,0,0,0,0,0
008b4cef8913f10abfe32ab2c55d09076424b082,0,0,0,0,0,0,0,0,0,0,0,0,0,0,0,0,0,0,0,0,0,0,0,0,0,0,0,0,0,0,0,0,0,0,0,0,0,66,0,0
249aeea0b548a2a9f2c9566d0815048ed5841bde,0,0,0,0,0,0,0,0,0,0,0,0,0,0,0,0,0,0,0,0,0,0,0,0,0,0,0,0,0,0,0,0,0,0,0,0,0,102,0,0
70a78c844f48190430a25f3ed9257159538825d2,0,0,0,0,0,0,0,0,0,0,0,131,0,0,0,0,0,0,0,0,0,0,0,0,0,0,0,0,0,0,0,0,0,0,0,0,0,0,0,0
edd9d0580d5f30fe775aa2996f2fe64f0e252381,0,0,0,0,0,0,0,0,0,0,0,0,0,0,0,0,0,0,0,0,0,0,0,0,0,0,0,0,0,0,0,126,0,0,0,0,0,0,0,0
20e863835fb4228fb74596b138c31a381603beeb,0,0,0,0,0,0,0,0,0,0,0,0,0,0,0,0,0,0,0,0,0,0,0,0,117,0,0,0,0,0,0,0,0,0,0,0,0,0,0,0
4bf5c273d17d14fe6dbab55dc922e99f6d7904c0,0,0,0,0,0,0,0,0,0,0,0,0,0,0,0,0,0,0,0,0,0,0,0,0,0,0,0,0,0,0,0,0,0,0,0,0,0,0,107,0
7e45391a1c08e55fbfe088ca19477426512fae8d,0,0,0,0,0,0,0,0,0,0,0,0,0,0,0,0,70,0,0,0,0,0,0,0,0,0,0,0,0,0,0,0,0,0,0,0,0,0,0,0
8ed1ef13cd4737da709e3d5fe5a4cb22850d06da,0,0,0,0,0,0,0,104,0,0,0,0,0,0,0,0,0,0,0,0,0,0,0,0,0,0,0,0,0,0,0,0,0,0,0,0,0,0,0,0
a7063dec85362c7bb92a79caba0b03b8717ea8a4,0,0,0,0,0,0,0,0,0,0,0,0,0,0,0,0,0,0,0,0,0,0,0,0,0,0,0,0,0,101,0,0,0,0,0,0,0,0,0,0
a34639d3b9c3b5e1948efdaa068613f568459535,0,0,0,0,0,0,0,0,0,0,0,0,0,0,0,0,0,0,0,0,0,0,0,0,0,0,0,0,0,0,0,0,0,0,128,0,0,0,0,0
4da3b646e0df19ae635dd9550f72a24a2ace33b9,0,0,0,0,0,0,0,0,0,0,117,0,0,0,0,0,0,0,0,0,0,0,0,0,0,0,0,0,0,0,0,0,0,0,0,0,0,0,0,0
e323563a5ab9b182306a9a158c058729cdb79e3d,0,0,0,0,0,0,84,0,0,0,0,0,0,0,0,0,0,0,0,0,0,0,0,0,0,0,0,0,0,0,0,0,0,0,0,0,0,0,0,0
9b56f4d3d306d6b1578cd4aff3d15f04e26285a2,0,0,0,0,0,0,0,0,0,0,0,0,0,0,0,0,0,0,0,0,0,0,0,0,0,0,117,0,0,0,0,0,0,0,0,0,0,0,0,0
e9a6c9b9c0b24a917cd60b477679bea853b5bba7,0,0,0,0,0,0,0,0,0,0,0,0,0,0,0,0,0,0,0,0,0,0,0,0,0,0,0,0,0,0,0,80,0,0,0,0,0,0,0,0
23b3a6f55c17ae965ba21b5f8127e12d8704d6b5,0,0,0,0,0,0,0,0,0,0,0,0,0,0,0,0,0,0,0,0,0,0,0,0,0,0,0,0,0,0,0,0,0,0,0,0,0,0,0,123
8d7191adc937c5fc34a60f13476f724acf3a3b1f,0,0,0,0,0,0,0,0,117,0,0,0,0,0,0,0,0,0,0,0,0,0,0,0,0,0,0,0,0,0,0,0,0,0,0,0,0,0,0,0
7363946f31a13645d94e90c3c326dbf6a364abca,0,0,0,0,0,0,0,0,0,0,0,0,0,0,0,0,0,0,0,0,0,0,0,0,0,0,0,0,0,0,0,0,0,121,0,0,0,0,0,0
479ef1ad9d153c9ffe0dad54232d807a0801249b,0,0,0,0,0,0,0,0,0,0,0,0,0,0,0,0,0,0,0,0,0,0,0,0,0,0,0,0,0,119,0,0,0,0,0,0,0,0,0,0
9d914cf22f4133e24edadf6a94efd7619d92e08e,0,0,0,0,0,0,0,0,0,0,119,0,0,0,0,0,0,0,0,0,0,0,0,0,0,0,0,0,0,0,0,0,0,0,0,0,0,0,0,0
ef609aafb22cbd93d80abb54c232e684bf5f79e4,0,0,0,0,0,0,0,0,0,0,0,0,0,0,0,0,0,0,0,0,0,0,0,0,0,0,0,0,0,0,0,0,0,0,0,0,119,0,0,0
087df730acc9aad73afbf7cfbfcdbd12e432fbc0,0,0,0,0,0,0,0,116,0,0,0,0,0,0,0,0,0,0,0,0,0,0,0,0,0,0,0,0,0,0,0,0,0,0,0,0,0,0,0,0
cd531f0c3aed8ce5abe88d635562710ce3ca7c3c,0,0,0,0,0,0,0,0,0,0,0,0,0,0,0,0,0,0,0,0,0,0,0,0,0,0,0,0,0,0,0,0,0,0,0,0,0,0,0,41
cc6524969cce2a4eff4330e10131304955b5eda8,0,0,0,0,0,0,0,0,0,0,0,0,0,0,0,0,0,0,0,0,0,0,0,0,0,0,0,0,0,0,0,0,0,0,0,0,0,112,0,0
ab96cb285b6a11a6b6a5d40055a92bf425628ec2,0,0,0,0,0,0,0,0,0,0,0,0,0,0,0,0,0,0,0,0,0,0,0,0,0,0,0,0,0,0,0,0,0,0,0,0,0,109,0,0
c74a90e4a283e32fef22f4443112c2854da1953e,0,0,0,0,0,0,0,0,0,0,0,0,0,0,0,0,0,0,0,0,0,0,0,0,0,0,0,0,0,0,0,0,99,0,0,0,0,0,0,0
a500878af59d980396362709309c78cabbf1fb06,0,0,0,0,0,0,0,0,0,0,0,0,0,0,0,0,0,0,0,0,0,0,0,0,0,0,0,0,0,88,0,0,0,0,0,0,0,0,0,0
fdc471f6a2ed257c63726444a2e7cd313a22052c,0,0,0,0,0,0,0,0,0,0,0,0,0,0,0,0,0,0,0,0,0,0,0,0,0,0,106,0,0,0,0,0,0,0,0,0,0,0,0,0
7d7610a650b7d27b4effac89ba723ad13f5182b5,0,0,0,0,0,0,0,0,0,0,0,0,0,0,0,0,0,0,0,0,0,0,0,0,0,0,0,0,0,103,0,0,0,0,0,0,0,0,0,0
01128603cbde0996419c47921ed5c23272c77dc5,0,0,0,0,0,0,0,0,0,0,0,0,0,0,0,0,0,0,0,0,0,0,0,0,0,0,0,0,0,0,0,0,0,0,0,0,0,57,0,0
ce3bb5197026f6d00eb9789ec3880311dc4ef2fa,0,0,0,0,0,0,0,0,0,0,0,0,0,0,0,0,0,0,0,0,0,0,0,0,0,0,0,0,0,0,0,0,0,0,0,0,0,85,0,0
252c92c420d978f3d420704c9ce7c6d3e9d1de10,0,0,0,0,0,0,0,0,0,0,0,0,0,0,0,0,0,0,0,0,0,0,0,0,0,0,0,0,0,0,0,0,0,0,0,0,0,0,0,49
7efff14dcf96a9c33c67ddabeb616887ed8e01f0,0,0,0,0,0,0,0,0,0,0,0,0,0,0,0,0,65,0,0,0,0,0,0,0,0,0,0,0,0,0,0,0,0,0,0,0,0,0,0,0
9513f542d95ff1024870afeb8bc402c2077a8c44,0,0,0,0,0,0,0,0,0,0,0,0,0,0,0,0,0,0,0,0,0,0,0,0,0,0,0,0,0,0,0,0,0,0,85,0,0,0,0,0
efa42c249ee2d3bdd065a8aad560faf07dd6d3c6,0,0,0,0,0,0,0,0,0,0,0,0,0,0,0,0,0,0,0,0,0,0,0,0,0,0,0,0,0,0,0,0,0,0,100,0,0,0,0,0
9803a94da77c0d8892cd082387f0f7d853b04dd2,0,0,0,0,0,0,0,0,0,0,0,0,0,0,0,0,0,0,0,0,100,0,0,0,0,0,0,0,0,0,0,0,0,0,0,0,0,0,0,0
779e2c4dff6bd23008e2779e09f490c833e93a2b,0,0,0,0,0,0,0,0,0,0,0,0,0,0,0,0,0,0,0,0,0,0,0,0,0,0,99,0,0,0,0,0,0,0,0,0,0,0,0,0
ccde67c1126989538144db7ef5cbb93e12f287ef,0,0,0,0,0,0,0,0,0,0,0,0,0,0,0,0,0,0,0,60,0,0,0,0,0,0,0,0,0,0,0,0,0,0,0,0,0,0,0,0
c43b552a1d9e6025a0f0c149df33700c6d4212d7,0,0,0,0,0,0,0,0,0,0,0,0,0,0,0,0,0,0,0,0,0,0,0,0,0,0,0,0,0,0,0,0,0,0,0,0,0,98,0,0
6f71185efbf95ec5be3c664cbb25432002c3ae4a,0,0,0,0,0,0,0,0,0,0,0,0,0,0,0,0,0,0,0,0,0,0,0,0,86,0,0,0,0,0,0,0,0,0,0,0,0,0,0,0
f8a54d1f191ddec492e6ad6f416f279e1f3b89e6,0,47,0,0,0,0,0,0,0,0,0,0,0,0,0,0,0,0,0,0,0,0,0,0,0,0,0,0,0,0,0,0,0,0,0,0,0,0,0,0
34f0d57f13d82ec306dfcc2fbc2a3d21e34a22c1,0,0,0,0,0,0,0,0,96,0,0,0,0,0,0,0,0,0,0,0,0,0,0,0,0,0,0,0,0,0,0,0,0,0,0,0,0,0,0,0
f359f27b13feaa45ffe1a19b0f2bcebc5f1599a7,0,0,0,0,0,0,0,0,0,0,0,0,0,0,0,0,0,0,0,0,0,0,0,0,0,0,0,0,0,0,0,0,0,0,0,0,0,0,96,0
37d0de618fc93c5e92dea2134a5d426c4ab43468,0,0,0,0,0,0,0,0,0,0,0,0,0,0,0,0,0,0,81,0,0,0,0,0,0,0,0,0,0,0,0,0,0,0,0,0,0,0,0,0
55beec562d78def8d8f2d280861beab47e2ffcd1,0,0,0,0,0,0,0,0,0,0,0,0,0,0,0,0,67,0,0,0,0,0,0,0,0,0,0,0,0,0,0,0,0,0,0,0,0,0,0,0
21449782fa3267b396e036309971c35230eb3309,0,0,0,0,0,0,0,0,0,0,0,0,0,0,0,0,0,0,0,0,0,0,0,0,0,0,0,0,0,0,0,0,0,0,0,0,0,0,0,92
d0534f0e780bf12c98dda7c9e1990803109d2017,0,0,0,0,0,0,0,0,0,0,0,0,0,0,0,0,0,0,0,0,0,0,0,0,0,0,0,0,0,91,0,0,0,0,0,0,0,0,0,0
fe536b0fc9caa7dbe3881b21c6be8c53a8621c52,0,0,0,0,0,0,0,0,0,0,0,0,0,0,0,0,0,0,0,0,0,0,0,0,0,0,0,0,0,90,0,0,0,0,0,0,0,0,0,0
c6868e664d4fd0bfe851b86f716dfb5f8993d2f6,0,0,0,0,0,0,0,0,0,0,0,0,0,0,85,0,0,0,0,0,0,0,0,0,0,0,0,0,0,0,0,0,0,0,0,0,0,0,0,0
e03e1be6ccea85ec4ed398c369f1fb3ffbe38a08,0,0,0,0,0,0,0,0,0,0,0,0,0,0,0,0,0,0,0,0,0,0,0,0,0,0,0,0,0,89,0,0,0,0,0,0,0,0,0,0
1cd809c79c378f88a19458fd701265d0964076d5,0,0,0,0,0,0,0,0,0,0,0,0,0,0,0,0,0,0,0,0,0,0,0,0,0,0,0,0,0,0,0,0,0,0,0,0,0,84,0,0
95e51744559da13a0753cc9072fc414158311e46,0,0,0,0,0,0,0,0,0,0,0,0,0,0,0,0,0,0,0,0,51,0,0,0,0,0,0,0,0,0,0,0,0,0,0,0,0,0,0,0
21135582a3b7d3867e5294a0603789e276df97ba,0,0,0,0,0,0,0,0,0,0,0,0,0,0,0,0,0,0,0,85,0,0,0,0,0,0,0,0,0,0,0,0,0,0,0,0,0,0,0,0
b5e74aaedf3e337bde42bb52445c6160a6728354,0,0,0,0,0,0,0,0,0,0,0,0,0,0,0,0,0,0,0,0,46,0,0,0,0,0,0,0,0,0,0,0,0,0,0,0,0,0,0,0
c381bdadc3a8fc59e13482657315d343c9499ac1,0,0,0,0,0,0,0,0,0,0,0,0,0,0,0,0,0,0,0,57,0,0,0,0,0,0,0,0,0,0,0,0,0,0,0,0,0,0,0,0
45b4da2d4376ab86056357c2c893b0df4f66b290,0,0,0,0,0,0,0,0,0,0,0,0,0,0,0,0,0,0,0,0,0,0,0,0,0,0,0,0,0,0,0,0,0,0,0,0,0,0,78,0
37dfb0393c912190e77eb729eba4929083d7cd5e,0,0,0,0,0,0,0,0,0,0,0,0,0,0,0,0,0,0,0,0,0,0,0,0,0,0,0,0,0,0,0,0,0,0,0,0,0,0,0,40
6e42eb96bac7710d0474a57947775e64f067882c,0,0,0,0,0,0,0,0,0,0,0,0,0,0,0,0,0,0,0,0,0,0,0,0,0,0,0,0,0,0,0,63,0,0,0,0,0,0,0,0
d6552e04b7711932742b60226d1f19ab484936d9,0,0,0,0,0,0,0,0,0,0,0,0,0,0,73,0,0,0,0,0,0,0,0,0,0,0,0,0,0,0,0,0,0,0,0,0,0,0,0,0
71d2fec32288df834a19267681076307641e8d5b,0,0,0,0,0,0,0,0,0,0,0,0,0,0,0,0,0,0,0,70,0,0,0,0,0,0,0,0,0,0,0,0,0,0,0,0,0,0,0,0
db0092fca5d54ddfe5543c487828076f1e3c4c85,0,0,0,0,0,0,0,0,0,0,0,0,0,0,0,0,0,0,0,0,0,0,0,0,0,0,0,0,0,0,0,51,0,0,0,0,0,0,0,0
afe9a261c27e73f50560b51187cdb78d2f2cf4cd,0,69,0,0,0,0,0,0,0,0,0,0,0,0,0,0,0,0,0,0,0,0,0,0,0,0,0,0,0,0,0,0,0,0,0,0,0,0,0,0
785600d399acf1dcf2dc9ce9560011d4c0104604,0,0,0,0,0,0,0,0,0,0,0,0,0,0,0,0,0,0,0,0,0,0,0,0,0,0,0,0,0,0,0,0,0,0,0,0,0,65,0,0
672f8aef7937bb17cd0ce574741ed9deb07b22bc,0,0,0,0,0,0,0,0,0,0,0,0,0,0,0,0,0,0,0,0,0,0,0,0,0,0,0,0,0,0,0,0,0,0,0,0,0,64,0,0
d744c16c3dce196896f353ed11e7e8689af1ce8f,0,0,0,0,0,0,0,0,0,0,0,0,0,0,0,0,0,0,0,0,0,0,0,0,0,0,0,0,0,0,0,0,0,0,0,0,0,62,0,0
de61b36faa217b587cdfaabf823381cf193c39e6,0,0,0,0,0,0,0,0,0,0,0,0,0,0,0,0,0,0,0,0,60,0,0,0,0,0,0,0,0,0,0,0,0,0,0,0,0,0,0,0
91a0ff527159e0eb2940a7091d8bab1a44dafaea,0,0,0,0,0,0,0,0,0,0,0,0,0,0,0,0,0,0,0,0,0,0,0,0,0,0,0,0,0,0,0,0,0,0,0,0,0,61,0,0
eca20152640a6739f82c0ff13c45a34bacd3c8be,0,0,0,0,0,0,0,0,0,0,0,0,0,0,0,0,0,0,0,0,0,0,0,0,0,0,0,0,0,0,0,0,0,0,0,0,0,59,0,0
53e671e66b4f25b96bcc5160f574310cfbbb4c82,0,0,0,0,0,0,0,0,0,0,0,0,0,0,58,0,0,0,0,0,0,0,0,0,0,0,0,0,0,0,0,0,0,0,0,0,0,0,0,0
ca45df7146f62a68909e12b882eee9ce83a43932,0,0,0,0,0,0,0,0,0,0,0,0,0,0,0,0,0,0,0,0,0,0,0,0,0,0,0,0,0,0,0,0,0,0,0,0,0,56,0,0
0507b7b68ba6ad88aed308e7d7601c1a99cc0d92,0,0,0,0,0,0,0,0,0,0,0,0,0,0,0,0,0,0,0,0,50,0,0,0,0,0,0,0,0,0,0,0,0,0,0,0,0,0,0,0
3506bc2feef6c803f50af9a8d0bbd8ece9ce5f5f,0,0,0,0,0,0,0,0,0,0,0,0,0,0,0,0,0,0,0,0,0,0,0,0,0,0,0,0,0,0,0,0,0,0,0,0,0,0,0,44
f89fa94d0915763792cc8a2e2587bc2c276c4546,0,0,0,0,0,0,0,0,0,0,0,0,0,0,0,0,0,0,0,0,0,0,0,0,0,0,0,0,0,0,0,0,0,0,0,0,0,56,0,0
f3545faf73ed8568efc3097bda91c783e086230e,0,0,0,0,0,0,0,0,0,0,0,0,0,0,0,0,0,0,0,0,46,0,0,0,0,0,0,0,0,0,0,0,0,0,0,0,0,0,0,0
8d9490ed5ba7c5c211e6e00928246fca9f5ffc1c,0,0,0,0,0,0,0,0,0,0,0,0,0,0,0,0,0,0,33,0,0,0,0,0,0,0,0,0,0,0,0,0,0,0,0,0,0,0,0,0
4c2e4466a4dd326830d2150aa287c20cc13a56aa,0,0,0,0,0,0,0,0,0,0,0,0,0,0,46,0,0,0,0,0,0,0,0,0,0,0,0,0,0,0,0,0,0,0,0,0,0,0,0,0
3a29763218e8f7c7ff0d48bf73df4f89b7f17f4f,0,0,0,0,0,0,0,0,0,0,0,0,0,0,0,0,0,0,33,0,0,0,0,0,0,0,0,0,0,0,0,0,0,0,0,0,0,0,0,0
